order_id,order_date,customer_name
4c82aa22-3de0-aaf8-ca37-007e7e592a89,2008-04-02T11:12:21.9722700,Virgil
62a494ee-37cf-3021-5a29-00b54adc9255,2000-10-15T13:20:38.9307260,Carmen190
5c81123b-e3c4-97c2-f263-00f87dd5f209,1985-01-21T21:31:06.1602620,John28
19bc70ad-d2a8-774a-8afa-015c5178a06e,1967-08-14T11:28:12.5447046,Adrian
53e3271f-5aee-47a7-1bc5-0233f7bf5581,1965-11-17T15:35:55.4643758,Bridgett113
1731a057-f569-d6b0-2713-0246687ee5ec,1969-10-10T21:08:56.6179657,Steven230
4f1ffba4-4358-bfd1-1d8c-024ce33bd941,2011-06-13T07:45:17.6057780,Leslie
05ae810e-c02c-5c7e-4e99-024d483747b3,1977-03-23T13:54:20.5371828,Damion141
717a03e2-9883-47fb-3575-025dcde39517,1977-05-11T04:46:19.3139478,Brock
d3106a21-be4f-2969-4123-026298c2dffd,2009-01-21T23:32:47.9707104,Roman004
6d43ba65-fa37-55a8-95b4-02ed942f2acf,1989-06-06T06:36:18.3687628,Craig
381a4ce2-2af7-73bc-0ec7-03050aea88d2,1979-09-11T21:38:36.2182918,Erich563
477129e8-180c-56b9-880c-033248a4bce4,2016-07-21T03:24:21.8721808,Courtney202
ee23f368-34ff-9330-d0d5-037a7c11b0b4,1968-05-14T08:37:44.9329851,Trevor663
90401ee8-41d0-f45b-4457-03c9533e64f8,1974-07-26T13:27:43.6619571,Joann13
4524f9c3-fbf1-84d4-b6fb-03cd67588a63,1991-09-25T10:25:54.4526468,Candice6
165addad-a4d5-f4ad-c2ed-0467f3fbae2c,1973-03-16T07:50:15.8667234,Sandy36
1cb2f330-b4fe-f5ad-2b59-0496bf89254b,2014-10-30T23:05:47.5453404,Maribel2
5fcd8748-4284-dab0-9531-04adee706e64,1992-07-15T20:50:12.8255494,Toby17
7572fc2f-9580-7b0c-0c4f-05070b005a75,1980-07-05T19:56:39.6632538,George
85ad4bca-f986-2955-93c7-051c58112f1a,1986-01-05T20:53:10.9248448,Tia225
b70ad7f4-0302-1abf-1b33-05a7597a7981,1964-07-17T20:54:29.8747687,Henry40
8e714374-29d3-a47c-8300-05e58e4e87f5,1996-11-24T14:07:26.0828318,Robyn
e299df38-3e07-d22e-1d5b-0626a1a81959,1993-05-17T18:34:56.0305048,Anitra35
2e01ad0c-5703-6fe5-977b-065507e4fac0,1979-11-16T03:47:58.8552020,Meghan0
46115053-6176-210d-9d7f-068171b2ad56,1994-06-10T16:45:03.6038978,Chris131
e784d4c5-fdfc-93d7-2649-0694858783db,1968-07-02T18:46:53.5837244,Christy017
10e34e7b-4093-e9ee-5d3d-06b860cac38c,1979-12-01T00:29:17.8959578,Randi035
c33f2e4a-d849-1ab3-c7fb-06c89b5a22ca,1987-08-08T23:19:15.5698862,Bruce361
2713c70f-71de-b488-fcf4-06d24a5b844c,1979-12-22T09:13:13.6343750,Jean99
410e0e21-49e3-39ee-9022-06f7bf196fc0,1970-09-25T02:16:06.5456899,Kelly425
72aeaeb8-b07d-9623-9f93-07a80767f895,1997-04-06T17:56:50.2574664,Abraham5
9db6143c-0bba-3341-f0e9-07a88406044c,1957-08-20T16:33:43.0822617,Craig22
7b073cbd-e2c1-131e-4042-07c9f7d3fd52,2011-09-19T06:30:34.1686580,Alfredo5
c20f3596-5a47-2cca-2806-086aaab47fac,1954-02-16T17:41:35.3033058,Ricky
26295731-da56-37ff-c742-0897d0378ec2,1957-08-06T06:29:36.7574225,Melody0
f3cf643d-8703-7094-f289-08bdf18f1435,2012-02-12T14:01:43.0346016,Armando425
64e69d9c-af6b-9541-8d78-0909900d739c,2010-11-14T15:00:12.9079416,Kristina129
44268db8-2e83-3d59-eefc-0952df6497ac,1990-12-08T12:57:38.4433832,Raul
e264100f-a55c-d311-c509-0953b803e9a5,1985-10-03T16:01:49.0095610,Leah657
1c4b03e0-0921-076a-5282-09d06cb1ed9f,1997-07-26T15:00:46.4661582,Jenny962
1eb42186-0dc0-2170-32b1-09dd3d8e3039,2021-09-23T20:28:37.8520860,Gerard3
57e5c95a-ed75-584e-9f9f-0a98c1bc1abb,2006-11-07T17:05:59.6124950,Chad615
2c48e48f-8574-6f4a-cc8d-0a9eaa6f2dbd,1993-12-01T14:31:59.7238838,Adam48
949dc5b9-c20c-4708-5e7c-0aa76e64980d,1991-10-13T00:54:23.8154508,Casey049
f671a15c-5efe-fb85-98e2-0ad014270033,1971-01-15T18:33:30.3542847,Ann171
e32e9e54-6934-86a9-e2a7-0b012ce42332,1994-04-11T04:23:40.5176158,Felix64
bc1568e0-6f5e-34ee-6e49-0ba99e6a772c,1992-10-12T04:16:43.8425474,Edith
dae27b60-216c-bb03-9426-0bc596d256c0,1989-01-15T10:40:46.4171916,Yvonne
1e27f634-2dc2-f90d-08b6-0bca4cbe06f3,1990-05-21T19:52:46.2122970,Allan
d4c60784-6dd3-f761-fd69-0bdeb41f1216,1958-03-12T00:28:17.4975325,Brent
6078c727-12e0-052e-538c-0c457bc5a34f,2009-12-17T22:41:20.8395558,Cory80
acfb6bc2-b478-2789-2fcc-0cb7e4e8febf,1994-01-03T05:33:27.8914854,Fredrick
423ab56c-2d23-1aae-2b45-0cc6d4928d3b,1963-02-21T18:44:33.3164505,Tanya0
e92a284a-9700-e8c4-6531-0d05de71bb63,1955-06-08T14:27:21.7463932,Stuart999
d4a56208-66f7-566a-ba4f-0d4b9bd24657,2011-09-18T08:20:23.8304440,Laura
b179bd52-f7a7-2d4e-f120-0db2dfe89863,1953-12-09T12:31:00.9840528,Bill836
ddf2b257-f2ed-3826-1a82-0df098d451e2,1968-10-30T12:04:39.5389587,Carolyn
fd2bc810-a009-222c-f305-0e72eb0cc899,1960-02-24T21:45:12.3852036,Ashley48
bbb8443f-dc5f-c467-5443-0ea9afffb5d4,1976-11-29T09:31:26.5321692,Owen87
c8ed635f-fcea-2967-51fa-0ede707f4e06,1976-03-02T06:13:22.2270411,Keisha6
95648313-73a5-9860-93c6-0f2e04a8b349,1981-02-06T23:47:11.2101242,Wesley23
33eaa838-6c12-f26a-0b27-104cd669f6ef,1968-05-03T17:17:03.0134836,Cassie284
2a928dc8-b106-981e-6ffd-1050efb3bc18,1954-08-20T23:25:53.4697195,Cecil076
3f47a1bf-beb2-728c-900f-10b31abc1774,1960-10-22T20:19:51.2321297,Staci34
f6328978-3169-252e-72d2-10c02fef3a40,1982-03-04T20:44:08.0772560,Charlene200
bda4b9ab-cca8-a680-9760-110bea7999ff,2001-11-23T02:54:57.3975424,Damian018
44accda8-20d1-29ca-8039-110dab90bebf,1963-04-24T15:06:48.1482038,Paula723
e002071c-66cb-9e29-b3f0-1159c0ddc8ef,1997-08-31T15:01:59.4205806,Derick630
4ff3bdf4-0fad-b597-a352-116d79d13360,1954-07-10T00:37:43.0028541,Patrick84
823d9dbe-62c8-351f-b2b0-1210b651b791,1979-05-18T00:55:01.1094347,Pamela85
bf14b7dd-6980-7bdc-5382-1236601ccda3,2014-06-28T13:25:43.6036664,Andy
1b71a2ab-412f-f8c4-6353-1254c727e140,2015-01-07T23:29:45.8621024,Anthony
54d866fb-8d80-b3ad-f6dc-125528e75b44,2018-04-21T03:07:28.1281720,Lydia069
4b3d1935-0498-9717-6b48-12d171967e7f,2008-08-28T10:29:29.5867850,Geoffrey6
823e1031-339b-7859-4b0e-1306639a9246,1977-11-08T11:41:29.7335011,Michele
95ede8fd-bf5e-49b1-2520-1324974ede2a,1967-01-20T05:21:16.4355048,Emily
e58f9f67-6bf3-8261-9c47-132b022fab13,1957-02-27T11:57:57.9048464,Luz1
2731f528-78db-f20a-f836-1333bf36a79e,2012-12-12T14:47:51.0729384,Joshua
bafe685e-dd08-5b1c-2362-13f4a5dbc79c,1979-10-27T20:00:59.5578812,Rafael2
e6505646-41ea-287d-6d7e-140bd06d29e5,1977-11-21T17:38:01.4127741,Daphne6
ee9e283e-480d-5ebc-7d9c-14389b6dac69,1983-08-17T06:03:21.1007098,Erin3
d09b0a20-2587-6745-f04c-14fec75ba468,2000-10-14T06:18:40.6798704,Chrystal65
30327683-6a8d-49ec-0dd0-15423bddd23f,1975-10-24T05:27:18.3528741,Traci
3840dc52-f26b-b225-1fd2-157a21dae269,1981-03-28T20:05:04.1295984,Raul338
93883968-818e-68a6-92ee-158f64effa05,2012-05-03T19:40:14.6918104,Debra
ccfaef09-0ce1-a525-dcf4-168f60eacc07,2015-03-04T18:29:24.0081256,Felix96
f968a460-aab2-c629-1684-16ae5b2ed7bf,2018-03-31T00:57:11.5452996,Ralph266
92138eb7-cc25-a22c-1a5d-1745cd9d424e,1999-03-01T23:42:32.8088580,Heidi695
8edba1d7-b5da-0af0-789c-175a4016cc29,2018-05-26T10:16:23.5039832,Tracy
349b0041-8b11-be32-55e3-176733c8d4b7,2004-02-14T15:57:05.7303088,Phillip717
53c647d7-addc-6d69-f066-1773f92e767a,2012-10-05T13:50:29.0330272,Armando639
97dce9ff-9ddc-ce8a-3cd3-17ab0ad0878f,1967-02-06T07:20:46.0330713,Edith4
609af31f-a268-55f8-c9bf-17c850eb2bf2,2021-01-16T15:59:09.8387084,Virginia
46d80c45-b3b7-50ff-285f-17f3d0e8921a,2003-01-13T22:39:04.4810116,Salvador8
1815ded6-a57e-ac56-9b56-17f7f44ce7b6,2012-04-15T12:59:28.7016868,Ericka
0cada18b-f0fa-0f67-5fd8-181920fb6c10,2006-04-17T21:57:25.1878274,Dominick82
aceb001c-e67f-2720-77b7-182874cb720c,1976-03-30T15:23:59.3790221,Gilberto09
26a8f436-b996-44d7-1061-188cc7e4a685,1956-08-01T17:52:32.8273196,Arturo711
893dd2a9-0dd8-1923-c7a1-18bcd8a3b66c,1988-02-23T01:48:03.8463874,Stuart
d39f7a36-ed06-b7c2-ce9e-18ee2a997a98,2015-04-02T07:54:38.8349612,Jeremiah0
83ace2ee-ed6d-dbb0-a850-18ff78399dc1,2003-06-25T19:05:06.8598710,Patrice
26f42d85-a8f8-3492-7462-1911766276e1,2001-12-03T22:43:03.5118214,Deana414
b7e33649-389b-3049-1ab2-1969c3cf9239,1957-08-18T15:41:00.1199755,Matthew
d12d29c3-5060-8748-a80a-19a0188606e3,2006-09-20T23:35:48.3346082,Brett428
b2fc31c7-3b00-a2c3-f407-1a832a5ca4d6,1998-05-17T13:26:44.0894376,Drew345
d75f6d8e-d6d7-3358-bece-1a84194d75f1,1994-09-13T20:56:02.0351218,Stuart88
305833e3-afdb-cb7d-8c80-1ace5daf83c1,1977-11-30T13:03:23.2504048,Michele
8809a517-9b72-42b0-d681-1af3e4da4254,2006-03-29T18:14:28.8544206,Derek
064ebd2c-9d2d-1b3b-d7ac-1b2b6f9a6642,1955-04-19T06:13:16.0572496,Diane60
c8159790-180a-1bb7-da5b-1b743870155e,1999-02-08T04:49:48.7460446,Sara1
6cf04536-41eb-b1e5-54cf-1b7bfe7a96a9,1976-12-27T11:00:56.9789624,Edwin2
66b5c847-5eaa-93d0-69f4-1bbfe8e85319,2003-03-26T12:37:37.1147950,Arnold428
cbdf323d-59ff-383d-77e5-1bf674cd7751,1971-07-14T16:41:58.2763171,Marcy90
b2e7051e-6ee1-0bb3-be49-1c62fe026fff,1969-09-15T08:11:09.7374123,Kisha9
4a99b316-be3f-29bd-b8b4-1c8902f9ac5c,2014-08-24T16:12:18.0290020,Virginia
85c8f8a9-024e-b316-d995-1c930c9087a0,2021-01-13T12:09:48.6470388,Bobby098
b80dc248-d16e-9938-fdac-1c99a3ef6842,1997-09-28T14:49:39.0002146,Candy018
42fb4451-2090-3ebf-d09d-1c9a6b771a00,1968-01-30T21:51:46.2448659,Armando7
649f197d-567f-bcda-21c3-1cf41f3e6b14,1974-02-10T03:44:28.4836615,Ginger87
ad57415e-b353-9eb3-c248-1d0b9b9b80fa,1954-07-29T13:22:01.1249292,Walter60
f60c9d53-5711-a345-2139-1d45713041c9,1971-08-01T19:20:25.7357966,Dan8
cbd8ac42-c0e8-d538-7c5e-1d4d2367eb27,1989-04-12T23:20:17.3989210,Maribel7
e9077abc-4a7f-55fc-2903-1ebb47240b92,1973-11-01T20:47:44.6770871,Lawrence
514343ea-ae17-901c-a9ef-1eea42574e9f,2000-06-27T02:15:17.6277094,Laura264
5f07c933-34bd-41d0-824d-1eedb008f9a5,1984-10-02T05:13:28.9441356,Zachary
155eff00-0da2-8b8b-0ea4-1efc10729ecf,1994-03-27T08:15:38.8898854,Donovan611
8f2ca311-1bdd-5dac-85cd-1f27460aab57,2018-08-21T01:39:34.4814572,Ashley50
35942c16-1743-7d24-eec8-1f8ef0ad51c8,2021-03-30T16:41:16.1939060,Seth40
4be24a1c-b1e3-dac4-5f66-2022ae657766,1969-02-20T10:28:40.2387121,Owen
6a56c0d0-dcd3-bb4e-6005-203ba7540905,1993-03-02T18:42:24.1686094,Claude889
8eecaea3-7759-9ca3-a148-204f780e7d7b,1968-12-21T00:40:43.7294539,Jessie44
31d94f43-1535-360d-15d6-215f6252263b,1977-08-19T12:22:03.2368990,Gilberto704
202deb84-4358-377c-ea6d-217b199f5c77,1986-02-03T00:48:26.3905938,Victoria468
820bec08-4015-969c-f75f-22b1ba28afea,1979-01-03T03:33:27.7567681,Guillermo211
43aafc6e-550b-7f87-4425-22ca334f59fa,1975-01-02T04:08:01.0009653,Ethan
ada41f8a-7037-27be-8602-2350c2208f8f,2010-10-25T06:08:20.4027276,Jamal
3f8baa29-06ac-824c-d6d0-23c0af2f9396,1978-04-17T12:27:33.9060772,Nathan62
28dc6776-6be7-a40b-319f-23d171a0563d,1965-09-07T01:39:17.4030144,Edith519
129242e8-2528-691a-7d24-23d66624ac77,1990-06-30T23:54:02.9540184,Marcus
de23151a-f472-d667-36ef-23d857761f81,2021-10-23T18:06:55.4572820,Yvette
13978483-05d4-f6a4-3e4a-24175ede729c,1987-08-23T06:46:34.7891170,Hugh4
54478260-94df-9302-f1cb-2458618ec2b9,1960-03-16T02:43:47.7905122,Lamont999
a2726896-dbae-0c3f-0bc1-249868b14309,2017-04-26T20:02:15.2270744,Shelia995
fb9cd3be-9aea-77a3-e031-24b685e2af9c,1990-12-17T09:58:40.0551946,Penny4
e87ff50e-00ea-6a4a-b23c-251c61c279f4,2009-03-02T12:31:24.4019908,Darren
28ee2918-16db-d507-fddf-25434d25c14e,2016-05-23T03:48:01.5439824,Clinton
f43b4ed6-23fb-8180-94c8-25a5f879568a,1959-12-10T19:41:38.6245276,Vanessa
3c83d56c-f488-0da0-2e02-25c04b006133,1999-09-14T11:20:11.4778306,Audra44
5448e7ca-4385-9de8-554c-263d53dd8340,1960-06-14T07:53:49.9747554,Kristy
038c078d-a7c5-c0a5-8cd1-264564152bc6,1982-07-06T12:01:42.1607616,Joey58
a5812d68-2a2e-bd82-995a-2646cb348198,1982-08-17T07:34:54.0735736,Karrie03
7eccdde9-323b-64e4-53dd-268396df6178,1968-12-23T14:21:25.0837934,Eddie062
bbfdaf16-8a7d-2a70-5872-26ce071c71c7,1973-06-26T15:32:20.5685387,Eddie772
74698bb3-a7eb-62dc-7d58-270af84428c7,1991-05-20T23:57:27.3376212,Israel13
692ada97-a8dd-bb06-936e-272200c072c3,2010-09-22T11:18:22.0732340,Alicia898
c9fc50a8-2544-502b-256e-273e777bf7fe,1998-10-01T18:41:36.7547448,Alexis788
6311f6f0-c64d-2270-1820-277a2a3672ab,1968-02-23T20:07:04.6703247,Teresa0
e8b98500-dbe2-226e-f471-27c032bd9781,2019-08-08T13:30:23.1226492,Joe3
8d70ea39-daa0-de5e-007d-284f4873508c,1989-07-16T04:08:39.8512072,Chris3
07b84dc8-7d56-6ca4-9637-2864ee610ab1,1975-10-24T19:37:03.0807797,Loretta09
57a25a20-3be1-bb9f-0eb4-28847b805d6a,1963-05-11T09:35:04.1809988,Jo51
96853711-de73-551b-fb64-28a6e7a28207,2020-09-02T09:19:45.3427312,Marco7
9ba7f02c-a64a-afa2-93d4-292a917f5726,1999-05-22T04:30:04.4698688,Julia
a0564d28-9a30-e248-f6b7-293245c17cdb,1965-07-26T11:58:59.3088183,Gabriel9
41b05189-a9b6-8bf5-dcee-293a9398388e,1979-08-06T16:59:56.8034388,Angelina
92452b49-10f9-2630-d8f4-293aaab17b4e,2019-03-29T23:18:11.6624476,Grant108
d7523256-fe3c-2d7a-5ebc-29c1df00aa84,1963-12-10T07:52:11.8600593,Julie
68016c25-689a-b4d2-c82b-2a161e6dec2f,1979-08-29T03:36:06.7402551,Yesenia743
b5954c0c-3dbf-5633-65be-2a1a6ec793c1,1966-06-12T23:02:50.2077790,Meredith
163f0220-253f-8d10-e35e-2a3c61ffad63,1989-07-08T18:45:33.7261410,Tammy28
2f8b99b0-6b2d-3290-b075-2a4971613380,1983-04-27T12:07:59.3988282,Jody2
46d31644-4347-8ecb-2555-2a63c4392e12,1996-05-18T14:08:28.4075388,Terence1
bf8209ec-55c6-5f87-9ff6-2a799ed7a4f3,1957-12-27T18:30:10.1400417,Penny8
70f2416b-0451-a90d-0a7e-2a931bf284c6,1971-10-19T01:03:50.0804946,Rafael
999014dd-1f72-4e0a-bb4a-2a935c53cb06,2010-01-20T14:03:55.1606606,Katie
6de9e12c-7b6b-4df3-d161-2b336814449d,2003-10-15T19:17:37.1221066,Monte83
c086033c-e2b8-cf14-e1ca-2b5cff53d999,1999-04-03T21:26:23.3122688,Serena86
f95e3cfb-53b9-c60b-6be0-2b6821b793dd,2001-08-19T07:48:40.7229222,Kirsten1
12da242a-b986-8d31-4c13-2bb5e15f18b8,1997-11-22T04:36:36.8991624,Fernando
0ada7d2a-7cce-54bd-036a-2beecf801573,2016-07-24T06:23:10.4433640,Deanna
9e148256-1175-d0ed-ece8-2c3e57e2d1b3,1980-01-17T04:43:27.6824908,Nathan23
4a3769d4-ae91-ac97-0536-2c6abb8c470e,1995-02-20T00:02:51.3343756,Clinton869
05682aee-9856-268f-557e-2c72b6d99ec1,1966-03-30T13:49:06.7813708,Lorraine9
151f4786-3ad6-1b81-78c2-2c7c4e3417cf,1981-03-01T13:07:40.4587462,Chris65
dacbc2f5-9c4a-750a-e7e3-2c7e8abd2542,2021-09-18T00:55:03.5856636,Leroy62
a5afc2b7-4914-d687-488e-2c8b9d49d4ce,1976-10-09T10:53:08.2036734,Kisha
c787fc20-50b3-c6f0-af79-2c8cf4a688ad,1955-06-07T09:53:46.6852708,Dan
d5925a3a-1e17-c415-3806-2cbe61d0d1bb,1991-06-26T01:08:51.0820404,Felicia5
9d116329-8966-5fc0-dcf3-2cdf9f26f318,1969-08-19T15:06:22.6844111,Dan
858c0238-5102-0dc2-f43a-2d05c4716445,2019-06-06T19:26:37.5529312,Fred
921392dd-3055-da23-bfc6-2da319c915f3,1997-12-28T06:59:55.8668484,Damien
c1d801a8-7d88-5c2a-34a3-2da5907065fc,2014-08-03T17:35:48.4878464,Chrystal87
9b130bb1-dd62-b7c4-4ae2-2dcbb58cd8c4,2019-11-02T20:44:57.7548380,Leroy0
7d2c77bc-ef85-010f-fff8-2de64a5667d7,1961-12-27T18:57:33.1218370,Teresa1
03f93fc3-eb53-bbd7-e159-2e9ea4c70ee0,1970-08-11T01:15:44.8997921,Dean137
d8f7eae6-c8dd-0691-44b4-2ea3167350a2,1981-10-12T00:14:59.9015366,Noel6
de45d7aa-87fe-025a-be6b-2f26b1107d7c,1986-12-22T04:06:41.6701946,Tera
556acdce-4922-4c21-6744-2f2feca8ce01,1968-02-02T03:02:33.7207162,Mike0
3d0ddf53-29cc-c70c-fd60-2f4e46a9ab26,1999-07-16T06:50:25.7520166,Jamal63
80affe51-8ed1-ef24-5fd9-2f52fedb4110,1969-10-01T11:04:12.6590116,Cari1
0fc1dae1-e377-503f-9a94-2f637f72170d,1956-01-29T21:39:46.2882798,Wendy8
b54de31d-ee25-0c94-a9d3-2f63879f31f2,1954-08-17T13:34:54.4918875,Brock473
917a4a8b-9e59-eddb-5403-2faac325a4fd,1978-03-28T03:03:38.0036506,Drew441
a99c4d43-7db2-eab1-7515-2fd94352688c,1973-02-27T07:02:22.2280340,Lucas7
6a8f6f31-0f44-84b8-a4ae-2fe4b0230aac,1958-10-06T20:33:49.7112273,Priscilla83
de7f4c98-53c7-bf22-411d-3052a94ef581,1983-10-26T16:26:06.2634962,Clifton9
26236eb0-6e4b-a84c-31c8-3063e8f1f354,2019-09-22T06:51:52.9140864,Latisha284
0673e352-e706-9ed3-4aa3-3087b19a60e1,1963-09-06T20:48:10.0719604,Maureen
b4391f4d-e4f8-0873-c33d-30ae21e4b5d3,1997-03-14T02:06:51.1273384,Thomas
b54082e8-f561-545c-d6d3-30baa78f8e56,1967-06-18T06:12:46.5400088,Ernesto50
bd347156-9c64-9cfa-0001-30e8f6a42579,1963-03-20T02:26:36.9919186,Barbara08
e0c495ad-03a2-573a-b586-30f77ca9d578,1980-10-06T08:34:28.1202928,Tammie35
a64d54f4-8de7-16a9-2c1d-31058ab5eb07,1953-07-30T07:38:27.5815284,Edward268
bc083564-902d-6929-4a5f-3120d0280c9d,2017-12-30T22:47:10.6001208,Jaime511
2f12acf0-5b1e-f850-ffff-31269c6e8f59,1957-03-25T06:05:15.6569583,Stephanie
a89311ab-8d6f-75d9-eefb-31488f8cdf23,2021-06-23T04:30:41.5968448,Kirsten
85d6b4b2-0c36-40b9-835b-31614e0d3da7,2018-01-08T23:49:17.7406792,Arturo845
17c1af2d-538e-17fe-233d-316152104945,2013-03-08T17:52:53.2187600,Ernesto722
52697baa-9671-d7ed-cd80-31f5273dd5a4,1990-04-23T17:54:06.7617126,Cara
9efd29a3-bc6c-7cfb-eae5-326dc3c31dc3,1991-06-14T08:34:36.8300424,Orlando10
236a812a-ff7a-a81d-685e-329df792de26,1996-10-15T23:11:09.7597266,Hollie101
e1428def-fe33-9877-d115-33299e1f4d61,1996-06-24T15:39:41.2479028,Irene56
00fb0e28-21ca-653e-a127-334f24c9672b,1981-01-26T07:34:39.8392109,Nicholas20
3df2b220-766e-946a-012c-3378c34c2203,2001-02-23T23:44:47.6047472,Laurie75
afbf2dc9-5f6a-5618-c568-33a503a5cf47,1999-05-27T04:43:50.6915392,Floyd01
bff34a09-12de-d982-0e95-340cfc5db0fb,1988-03-09T00:14:49.7182482,Pamela684
c65773e0-4208-e871-46ef-34bf19b0cde2,1967-08-18T02:40:04.7590524,Abigail95
8592fc61-6400-07ca-fe83-34ee3ef06ad4,2004-05-28T23:53:59.1825242,Joshua09
b6c50e19-7749-739a-9b14-35421e4067f5,2020-02-02T11:17:01.5194564,Herbert42
c766932c-08c9-7c30-8485-3564a23aa411,2019-04-12T00:26:59.4069080,Kevin058
81b0ec2b-b755-9ed9-3a36-359a668b94b6,1999-08-14T03:28:10.7255366,Teresa8
735d1b0a-78f9-f8fd-42ef-35a52e5a4f70,1993-12-02T22:01:23.5591760,Jeffrey1
637a2293-76d4-e157-590f-35aa7f96754e,2000-05-20T03:29:20.0911230,Laurie9
90b2fa22-2c72-ee50-4afd-35b384468e25,1973-05-22T08:47:18.8688786,Ramon96
2fcc444e-0339-64ab-c97e-35fcddd703f6,1977-07-08T16:21:08.5030913,Cherie
5ff3c89c-8f70-7cd9-256b-3645dc186b59,2004-05-14T09:47:32.2992106,Joni8
05b6d086-8efc-d6e2-b405-364753dc90f3,1998-02-21T01:16:14.5608262,Courtney
b89a7e50-fc39-fd0c-a0e3-369f36a09561,2000-10-15T17:34:13.7428360,Jessie3
7eacb40e-3bdf-07c4-3043-36a05c922026,1996-08-16T11:22:00.2098098,Kimberly
f37aaf3b-5de5-d124-6dd9-36e2bfaa28a9,2001-05-03T20:00:37.5901066,Diana81
2f7e28c5-ce9c-b843-2db2-36f8f4ee6d8e,1987-01-04T01:47:42.3128488,Bobby
447a8a14-9d80-4f0a-ab75-371a06e17162,1975-10-28T14:40:45.1983221,Norma4
a5d86e04-a1ce-81a8-62e9-379aaf1ac2ee,2014-10-22T23:16:57.5285504,Sherri99
20e3d21f-87af-2ded-1887-3837c23f5dee,1996-06-04T07:55:11.2227558,Myra
cfc96514-5949-331e-fc4b-3847da0b960f,2011-03-01T07:37:35.5102356,Meredith
2298acd5-2fb0-08d7-8aa8-387e18c6456c,1992-05-03T05:59:26.6330214,Monique
fbacdd53-f55c-c579-1980-38c8992782c0,1971-12-04T19:31:43.0916482,Lonnie
787aadc6-3097-077a-fdcb-38dbb9cec54a,1953-12-02T12:51:53.7418932,Jessica48
695baa42-626b-1267-c66d-39189176b65a,1963-07-28T13:12:21.6762514,Gerardo2
deb80997-2543-75f1-56b5-39266f92713f,2020-06-06T01:05:34.0708380,Virginia597
639e7c75-0d29-422c-8368-3970ec1262d9,1975-12-15T11:55:04.0340534,Wendi71
4eac9c18-6fdd-dd22-ab5f-39a5e1bd7f5d,1974-12-05T06:38:56.5402244,Brad923
ba0782f2-ba33-0e45-dd3f-39c821d9df31,1955-04-22T09:26:48.7625229,Nathaniel613
a3e9319e-1171-3b1d-2af8-39f49264ac13,2016-04-04T15:54:41.8791476,Israel0
87704740-5fe3-bcf0-2b3d-39fd6673e939,1966-09-26T20:04:19.5180117,Abraham55
41ef61b3-9245-58ea-4765-3a4ba085d512,1989-10-08T06:37:43.8247468,Salvatore7
191f4642-9429-44d7-2f5d-3a8a09b10408,1984-05-11T18:50:13.6854756,Christie
b55b0af9-2259-a896-6058-3aa767a37dc3,1955-05-19T09:55:06.0210304,Brendan
f59720cf-a698-ca00-8ed9-3ac0354cb2b1,1983-01-17T11:27:45.6238286,Tania03
63c30fd2-2586-259b-1db0-3b0e743df01f,1976-10-11T19:03:06.2228265,Edward
361f6c27-06d2-cc1d-2e79-3b6af4775ccc,2000-06-01T19:32:00.1228172,Blake3
3e4c0335-caa0-2be5-fa11-3ba1e748fca2,1990-07-18T14:33:20.2086614,Efrain1
c1277445-9587-2191-7e75-3ba53b8c581b,1968-02-07T07:08:56.4856825,Philip88
0bc7654c-c263-85e7-2b8c-3baef66d48b9,1965-10-19T10:00:55.0835911,Lucas33
c301cbda-5d5b-e929-a020-3c564660b63f,1987-03-01T10:28:59.0457314,Adrienne
4b45a0d6-32a9-5a69-9649-3c838386f5c0,1986-05-08T10:23:01.5253208,Charity
ad7e1e2f-2361-b0c7-a19e-3c8ca2acb2da,2011-10-03T18:27:17.2246648,Alexis
d003ac5d-b274-1676-5480-3d120021a1da,1985-06-24T20:33:02.9330058,Audra6
7dba95d0-e4ef-06c7-008e-3dd14da95bc3,1988-05-30T01:59:04.2279194,Erica9
eb26e883-ac86-8973-70c2-3f69658f418a,1963-12-26T10:46:15.6165729,Blanca359
69db16fa-ded2-9688-548b-3f80d1f5ff86,1994-01-03T22:21:47.2000150,Clinton439
c2c1786c-0eb2-4209-2d65-3ff0f9d8cf92,2015-08-06T12:47:13.5972852,Wallace444
075d09ab-49cd-8be8-b550-402ee3834518,1979-10-15T13:18:12.5659597,Esmeralda233
d4b155b5-ab24-3286-4299-406d52fb402b,1988-07-10T01:22:04.6007302,Joanne7
ea318ff0-4a99-45c8-2435-4077fcfe0b72,1972-01-12T21:38:07.4641930,Noel03
a7fc18b1-46af-0843-7185-407a6cfb0ec1,2011-08-05T11:22:56.9895060,Marla433
b11876df-c9f7-779a-bf69-407c4e513578,2004-07-31T05:22:26.5699868,Naomi08
2a5707e1-f6ce-c25e-2f6f-416c002c7a85,2004-01-27T08:12:48.4327934,Armando25
6b192284-8242-5943-7590-416d295d7de2,2003-02-08T08:01:35.0953066,Cassandra
771fa47d-4b2c-1a41-a8e6-4189ba2d22c3,2018-07-08T08:34:47.2255604,Brian932
cc4d7dcb-4678-d997-a203-418dd2c8129e,2016-01-15T10:53:52.0402092,Leroy14
bf004158-1cce-99b4-9194-41b077d3361c,1965-10-26T00:08:50.9766816,Sheri023
be893c02-4129-ad52-d704-420bc5d2ba5d,2021-07-28T19:35:54.1737304,Marla81
565d773c-fc68-6863-9a20-430b880c60b9,1961-12-12T17:21:39.5105959,Saul3
15794079-ef21-1778-79ab-436426e086b0,1972-03-20T02:39:15.4580927,Yvette02
20957b8e-d347-4d87-94f5-4391f380a928,2016-01-28T16:59:20.0806448,Dana
d33860fe-66d6-fdc4-ec52-43e25e3cdd19,1982-09-28T19:39:47.6023176,Alfredo
97cc7c68-c9ec-ac0e-e7e5-43f086e92c17,2013-03-15T11:59:56.0125140,Traci1
5e10f947-4afb-44e6-9131-447c8bf27293,1995-03-05T06:14:20.3286372,Mary636
56f23513-d407-a68e-7fcb-4488682eee2c,1994-12-03T23:01:05.9150032,Roger1
b3667e3d-1317-44e6-8d8e-460544a98597,1969-09-05T05:26:58.7754305,Alberto5
870eb9cb-b69c-d7fb-1f12-46464f811e12,2017-07-24T00:25:29.3193660,Erin8
77e1722d-1b8f-f1c0-d620-46a463f3a629,2014-12-09T13:23:14.9051364,Jeff8
83d3b6da-ce6a-f63b-c46c-46c435d4bcc0,1985-12-31T17:48:11.7139502,Roland91
69367f2c-c71d-4ebe-5cf3-46c87dc853e0,1995-10-23T08:16:24.9970180,Scott13
05561c80-d247-ad0c-a8d1-46d0eff38e57,1979-01-31T04:29:54.9853496,Shannon
b84095c9-6381-1227-1ed9-472ee3264eda,2004-05-16T23:00:14.6099104,Annie4
aef6b2f9-1177-2eb0-f1ed-47a3765a469d,1979-07-26T01:46:03.7184127,Darius755
2ce5a125-3928-4d58-7d92-484d11cfea8f,2020-09-10T05:46:48.1976256,Candy8
fc646875-c088-0be0-6a77-487157efdbd5,1954-08-25T09:14:08.9805644,Jolene72
9d7aaf44-95ea-c8b9-523c-487f8133825d,1981-05-22T11:45:04.1075948,Keisha
ad410a46-9537-77e6-81a1-48bc6a87e2f5,1964-07-18T18:01:04.8499299,Bradley283
38c3040c-53f4-7445-2eaf-48d8d45db231,1978-08-09T09:32:55.6176647,Karrie
c5e6e36c-ecc6-f921-c8a5-4930ebc37ebd,1974-07-17T16:43:56.2436918,Bruce
a9372e53-ecea-8e0d-a58b-495d4205ac79,1954-10-23T08:44:03.0070561,Abraham
bc6c8924-f29e-fe3e-a596-4a3d91629c9f,1989-07-21T17:39:47.6635356,Andy67
f0747406-4074-cdfb-89e1-4a82a4aa5e77,2002-02-15T22:17:43.1046580,Lara3
e0ef356d-5a32-3a45-ccc5-4aa581f68bb0,1974-03-11T17:16:28.6499606,Calvin3
8297d6fb-eb81-d246-d9b4-4ac2e33eb08b,1976-08-31T22:52:39.4141897,Andre85
65bca03f-4739-ac0a-6834-4b78e15fac82,2006-05-01T05:44:32.9423546,Dominic279
d6057842-cc6d-6deb-3422-4b85766ac787,2005-07-21T00:25:50.9880878,Jonathon69
89fafe66-78ae-197a-7936-4c0666f5910e,1984-06-27T23:51:54.6016670,Annie0
2b113f5f-81d0-56f3-9dee-4c4259bec7d2,1970-09-04T06:15:10.0943298,Tabitha88
eb0c857d-7b18-e13d-43ef-4c7e3210731a,1984-10-27T02:41:47.4446754,Darcy3
8eb60066-fdb7-d722-040c-4cbc2686cb4b,1964-04-03T11:32:02.1824049,Albert5
dcab53c5-399e-192b-f58f-4d1770462205,1999-05-24T19:42:42.5370356,Scottie21
aff042a9-1da4-3556-78aa-4d2d6f9108a0,2005-04-09T01:48:44.2655204,Joyce17
aeccbde5-76fb-01d9-2cfa-4d59477abafc,1996-11-01T23:13:32.9246714,Donna94
ecaf0ff0-944e-7073-7b0e-4d6fc9430f8e,1953-07-06T11:59:11.6494072,Esteban
12ef0cf1-92b2-c1f7-600a-4d8678114e20,1999-06-06T23:25:20.9658522,Felix62
c4a8f127-6ac4-48cf-e65f-4dbf084de995,1963-12-26T22:14:22.2451961,Roger06
80c216dd-0a63-015e-e29d-4df298b853de,1982-08-22T09:54:48.1586046,Alexander757
f224b06b-7774-f1a5-a54d-4e5bf875fa7f,1980-02-12T19:21:16.7146390,Adrienne410
7993fd9e-7539-de06-4ded-4f80dca24b43,2008-04-17T23:50:27.8800694,Elisa432
71d369ff-37d4-2640-0069-4fb0b7bd431f,1982-09-19T21:14:56.9709098,Grant98
635f055b-1521-b5fe-c08a-4fdf65cfe012,1963-12-02T22:45:05.9127265,Carey4
cd739a65-0942-8a49-2c0b-506f6899c68d,2004-12-06T15:32:41.4716642,Glenn99
6deb0ecf-1f18-e198-1a19-507bb09ac25f,1992-05-29T04:16:13.8297550,Stephan6
484d25a8-17a6-dd6c-69a4-507f159588bd,1985-07-16T15:30:50.1564762,Rogelio9
0f6aa52b-5190-8f8d-363c-50af4e1fabea,2012-07-14T13:51:27.3862812,Audrey116
40861e9b-08ac-700d-00a4-50baf490aad5,1983-08-27T04:40:47.8862544,Darla016
a5eeb0fe-db4e-9522-00d4-50d13948811c,1958-07-26T18:38:26.7929103,Karen
63373b0b-1b9f-9f37-15b1-50da284ccf6f,2010-05-01T02:33:00.6521996,Max52
2987e22a-a84e-6954-954b-51278d3ae712,1985-03-30T20:16:57.9117662,Rose78
346307f2-2412-8438-933a-518888c13cf9,1954-04-17T19:52:08.3953627,Katherine66
c848b204-808b-90c7-e72e-522f678ac9c1,2019-03-16T11:07:28.8579876,Roderick8
1020a229-15ad-6a87-7d2b-524a136d1a80,1955-05-22T23:33:45.4789076,Kisha493
4d6dfdf9-c0f2-fb7b-f4fa-52890a9ef8f1,1988-08-03T18:24:39.2841012,Melinda70
0de93821-2a37-49aa-87a5-530a2cd9de5c,1975-05-10T12:46:14.1202390,Zachary
6633359e-70a4-1154-075c-53e026516023,2019-07-30T05:42:16.6684204,Zachary853
479a3e82-8339-7c22-2a9d-544ae8ce0875,1972-12-05T22:54:16.8602916,Tia058
5a36ba6a-e142-ac28-af0c-54c0e4907b98,1969-02-13T23:10:40.2772874,Kerry
7bfea452-b669-fd00-f6c1-550132d7a62d,1976-07-08T11:22:44.3678484,Kellie
34c413b7-2dde-1f2d-eb0a-55068f4cff60,1988-04-29T02:22:16.2617696,Kara
0de91e94-e4c8-9147-4e69-55097cde2344,1990-05-30T20:02:52.5217424,Salvatore259
32f8fd99-c708-f8b1-86ed-5579241a91b7,2003-06-22T04:35:54.7815072,Trisha8
79983cda-814f-53db-0462-557bfd3768b5,1995-05-24T01:37:41.6420370,Allan6
e06a4d6b-66d6-139b-3186-55ac81b85260,2007-02-25T16:36:20.6094700,Guy034
61463291-5722-1e0a-087d-55bebea0a491,1987-03-03T18:50:38.6942316,Ralph21
25bba6c5-3ef2-311c-95ef-56aaa3e0eaf8,1971-04-20T18:03:23.3193862,Cara0
fa5580ba-5161-79b8-bea7-56d3ec2a6fe5,1978-02-11T09:27:02.7859030,Kirsten
ffadfa8f-dca8-83fd-fb12-5788ad6e2e14,2014-08-28T17:35:02.2654052,Charlie024
c4ac4b5b-d4e3-584e-2f5b-57a946454cfb,2015-09-16T05:35:46.1466196,Dean9
9a988674-beee-604c-164f-57e3b0f50998,1977-10-06T01:00:36.3655525,Richard9
eb24ebc4-0ad7-c154-4471-57e4a4faa2c0,2009-01-06T20:12:08.0849736,Adriana57
ab1ed743-6172-ce67-63c5-57ec3d3afe62,1982-02-25T23:07:32.7345106,Cecilia020
b62c9ff2-be2a-f98c-5575-582732b3ea0a,1960-08-08T09:56:48.9520353,Myra9
1618b233-3df1-3364-016c-5888c6418845,1977-04-07T07:58:41.3192626,Celeste784
20048173-1648-07d8-bdbe-58d638b70fc6,1989-06-20T18:00:04.2900492,Sean53
db05d7da-0100-0446-2479-5968f0c3f41e,1953-02-25T18:59:38.1460231,Samantha45
6c243165-aa91-6499-890b-5974d651597b,1991-04-26T17:25:05.6092570,Ray29
be584f66-0a22-c4cd-eddb-59e59d250a3e,1954-10-24T07:38:56.1649984,Janet93
bd7e2196-95ef-f9ce-144b-59f9a7f090ab,1994-06-12T04:23:42.6889982,Bobbi15
4f07e1f0-eb17-dcd6-fec8-5a100824ba2e,1973-06-08T23:27:19.7218770,Clyde
1d501ba4-9556-fd90-cbdd-5a244cd75f22,1991-01-27T07:32:30.5355468,Yvonne625
e0df9b0a-0402-7744-149b-5a36396c6b2c,1995-10-29T20:12:16.1285832,Sonja5
9aa9aac4-eca8-c264-5fb0-5a486b6a0fe0,1982-03-29T21:21:48.5119888,Jimmie51
982132e6-7fc0-c5bb-fb48-5ab0c1355359,1962-10-06T20:10:17.7664007,Crystal73
83738023-b913-1320-49fb-5ac1b240eec2,1986-06-06T17:47:50.3273430,Randal
fe6fc95a-b5d3-0adc-e5f8-5ae82be0e651,1979-09-21T02:43:34.3347815,Manuel647
ebcaec11-4dcf-67af-d4e3-5b08e30aef11,1957-06-03T19:00:09.0986615,Deborah
34f099a0-79ea-db7d-a1d2-5b53de7cb60a,1991-09-15T07:04:44.0302020,Arturo0
7acc3640-12bb-cae0-dc93-5bc66c5991ef,2002-10-15T16:47:09.8148004,Alberto
8122960b-fd67-b245-f55b-5bd21c8a5a02,1972-08-14T05:08:08.1954831,Greg4
a61a14b6-a7f2-9311-ef66-5c7d663c2544,2020-02-11T04:02:30.7049896,Kristen02
f3f7b4f7-8903-5576-2930-5c8a504c2aa7,2007-08-20T00:58:05.6626884,Jeremiah19
8ba5e387-0e76-8cf8-ec95-5cc9b1661f4c,1964-05-17T01:35:55.4756444,Dominick0
3838a823-8b1b-1740-b097-5d07817a99d7,2006-03-30T22:35:49.8409084,Donnell83
dd0890c3-53bc-a256-7165-5d18f10d4e69,1988-07-30T11:16:54.9541328,Derick5
e1fbe78d-d7ac-359a-74a7-5d90c7cd105f,1980-04-18T21:16:47.0762470,Angelo07
93b87d77-43e9-c38a-f8b3-5de4b158411b,1976-04-01T03:16:53.1946708,Jane
377849a7-d794-a4e8-ef02-5e2c5ebce32b,2018-02-25T20:34:27.5726192,Jocelyn735
5b2e04ed-0d62-6fb5-76e2-5e52d3bd3e73,1965-04-12T09:58:05.2217081,Latisha
e6809ad3-5dc9-625c-61c4-5ed6b07425d4,1986-05-10T15:27:14.5881424,Tracey286
6621e06a-cca3-59c4-13ab-5ef6cd242316,1981-12-18T12:38:38.2799432,Andres902
f6434683-8de4-c311-ee0f-5f1ff0c61447,1976-07-14T15:56:10.1844825,Lawanda475
ffa60237-16e3-fccf-5015-5f4d41d8501a,1989-08-22T11:49:57.4353542,Earl216
3b727a74-88a3-78fa-ea5f-5f625b34c45b,1978-05-10T05:12:34.5708639,Celeste
84a996fa-c477-4245-f9bf-5f83ebff5b7b,2005-12-12T07:41:39.6722590,Dina81
027828a7-3b3c-e0fd-ff16-5fb87a49e61e,2004-05-31T01:33:07.3699780,Miranda216
bd86c51f-5243-7b5c-c48f-5fde04d76c26,1957-07-23T07:17:03.9625397,Alyssa71
076b1eae-cacf-a4e5-21f0-5fea11ab015b,2012-06-29T09:04:45.6580512,Clifford660
b58617c2-c4c1-55f5-b462-603ceeb53146,2007-12-25T19:59:45.3835902,Marc3
c8a16271-2bc4-df6d-20da-60a672db463a,2019-03-10T06:45:34.5315480,Andres126
0a0dac59-b75d-f7b6-95c2-60f4e9cbcdf4,2018-12-06T15:30:57.1677036,Marilyn
ff3295f8-8086-59b1-5e9d-615c83e992ff,1977-10-28T07:37:24.1929767,Joan
1f58bc2a-4cc2-31c5-8b74-616cf0b83204,1961-06-07T01:47:06.9786209,Doris
3b7626da-f435-04f8-d0a8-61893ce665c7,1983-08-27T17:40:10.6710954,Vicki0
05b30d18-f4b8-0cdc-be22-619e8c8ac945,2001-09-01T07:14:56.0296990,Bernard81
79583cda-9250-d558-ae2d-62f4f4997ce2,1986-08-03T05:21:15.5881548,Ginger1
709b98ae-f30f-7b93-9f05-62f681a24771,2010-08-03T21:46:55.8431420,Isaac64
cedd17cd-ada0-1d8e-cb3c-62f7907d3ede,1957-04-22T18:30:59.4743145,Billy8
6424fe51-8e88-da45-4ce7-632da57ab24d,2020-12-10T15:32:25.0849896,Jake
17a43da5-6238-074d-262b-63e6cfb667e2,1965-10-17T12:10:48.4894018,Cindy6
9d4ef976-83ec-3093-afc5-6416bc66348f,2020-03-15T22:13:04.3575076,Lorena62
2b57fe81-75c3-bb9e-9fd6-646b8cf141cc,1990-04-27T09:29:03.9842802,Tonia
385f924c-2bef-5456-685e-64c6338d6cff,1959-04-18T18:09:36.5900633,Lawrence183
e6351b2e-449a-c588-1561-64d5b59cf51e,1972-05-28T18:09:01.6596151,Eugene97
2815d46f-00f5-0095-1e1c-64f072c3db66,2014-01-03T11:08:19.8035976,Marcie478
b00e00c0-6ba4-bfbe-6f03-6559db82dce3,1981-08-04T10:48:12.7485066,Erica76
ef0c89a5-f894-fba8-16e8-6560551d8b9b,2019-09-27T10:13:39.9567308,Gustavo71
7481e0e7-b5c3-15b3-8421-661421c39b89,1966-11-29T03:19:35.8637141,Katherine3
eda7ecb4-0c19-5dbc-cd2a-6677439a3a02,1972-09-17T20:48:36.0261950,Alison1
1915b4cb-edc5-d6aa-43eb-669ed4801f7b,2016-12-24T12:52:43.0157360,Jacquelyn169
79dd711e-634d-2ffa-2c65-66b07cd648f0,2007-04-03T17:42:31.8413616,Frances3
79e34264-3278-e1e2-0a1b-66c36d5150b1,1995-02-01T04:24:41.1874940,Julio
9a998993-8993-b31e-3078-66cf425ec9e9,1980-02-13T10:21:30.0073702,Marjorie728
60fd067e-c354-be6d-4881-679347374bc2,1987-12-18T16:36:09.1236744,Gabrielle26
f4af9087-271e-1727-2c63-67de9ae4f5a7,1964-04-16T08:18:30.9205757,Annette597
e9f4c039-30fe-43b3-9e58-688b16ec8d0c,1997-07-01T00:53:23.2687262,Shannon517
9a3e23f0-f5ee-85bf-1c81-689e6970bd86,2004-02-28T05:04:21.0951658,Joel8
b67a3568-177b-6170-c7f7-68a368126b22,2013-07-21T00:54:42.6196132,Benny
dbbb4356-a179-f9d9-ddc0-68f0af22ac25,1968-07-30T14:29:34.4341065,Norman315
7aa288e8-2205-ecfb-3868-6915627d7f4a,1960-10-07T22:49:39.9484963,Eduardo
050768a8-6292-6ab9-caaf-6969522a845e,1982-11-29T12:29:38.5334036,Miriam85
1f44cb3e-67bf-b1ed-51dd-6a012df284ed,1961-02-16T07:14:13.1443553,Jane4
c06d037f-3a8c-40e1-0e75-6a09b857c56e,1991-08-25T07:37:01.3119500,Gustavo9
a1e15793-5429-1b83-2e50-6aac9b404c49,1994-08-11T13:47:40.6791624,Shelley
fca461d1-eec0-7e78-9515-6b09d53c3cb9,1988-04-29T04:01:15.7772528,Jay
4a517710-bdcf-5003-b62f-6b809f546438,1961-10-18T03:25:50.5466951,Karrie612
4243f8fd-87cb-e6ab-2e04-6b8beca5022d,2013-07-29T15:27:59.9462148,Ernesto41
8b208e68-67fb-9d62-7a38-6bd23f6f9eeb,1964-05-10T11:22:53.3801510,Clifton
e607f8bb-af60-6a70-c5d0-6bfdc91a41bc,2001-02-03T08:50:04.3114736,Dan
7c592d94-ee08-9af3-3437-6c05ce1179dd,1993-03-25T11:03:03.7815336,Jenny
c6d67454-a3b9-84da-8f42-6c32caeeb22b,1972-11-25T19:19:56.5978738,Leo7
9c744116-0a64-c2ee-15b7-6c6209ebe969,1988-07-22T15:00:59.2554670,Angelo790
ef0099ee-ce8a-e1af-e056-6c810343a66f,1971-03-10T13:38:14.1420620,Theodore68
2bffadf2-53ba-5032-df64-6c99d7d20005,2015-11-15T06:05:32.2481780,Alvin972
efefeee6-79d6-6e37-469c-6ccf2d0b004f,1990-09-24T18:27:55.1777080,Sonja80
befec1c2-0ae9-7cc4-cbd4-6ce22613e2b4,2017-04-14T19:47:24.6873460,Orlando
b32067e7-1303-f179-9316-6d7c1897b91a,2012-05-31T19:20:37.2739760,Jody
9278c4d7-6049-b079-be01-6dd89c9165d5,1979-12-08T12:45:52.8748905,Sabrina7
abcd2f49-0611-2563-1b3b-6dfcd08e4a7f,1956-09-15T20:39:20.1114068,Alexis01
207417f1-a3ee-96eb-6aae-6e37bee7d053,2017-11-25T13:04:28.5956148,Shari5
781239e4-64c3-e8a9-d1c3-6e5cfdd3a59a,1964-09-06T00:46:30.7524360,Blake
f14e441f-5f35-b912-76f2-6e671d526eb7,2020-11-28T09:25:37.7325320,Richard4
31ae38b6-c72a-081f-1f87-6eb72aa9dfb4,1970-09-26T16:31:50.9868729,Angie
a29bda35-3534-f9b0-00d1-6ec80daf3d18,1954-09-22T21:30:36.1584532,Kerry
5b0f34da-52d4-56bb-36b1-6f1b66eea108,1990-12-03T21:48:16.5151244,Jennifer41
536372d1-397f-1ae6-291c-6ff5d375f2c4,2004-06-27T02:58:29.6341706,Jeannie1
61a87bc6-5ca4-8500-fbb3-7018004d3089,1989-09-09T02:03:22.3857628,Otis
1505568c-76c6-9087-6fb9-702453dee94a,1967-02-21T14:27:46.2995492,Yesenia4
56a83334-a464-8ebe-6505-703230a928c0,2013-11-01T23:45:40.5260452,Lynn60
3de6704b-c2fc-def9-52ae-703677b99540,1983-03-22T21:23:41.0350962,Marcos8
69d7f5a4-9f51-6e29-27ae-703ead6d0437,2003-09-06T10:42:17.4902844,Claire760
1059bed2-ac32-f950-6272-70730a119413,1968-05-18T21:52:53.8081286,Mark
96f83074-68a2-e108-a1e5-708c35d9543e,1996-06-22T21:10:40.2450842,Aisha1
1e690eeb-9415-2453-ef05-70a857cc82b5,1962-06-15T20:59:57.9249710,Victoria
5657763e-dd1e-bc29-5b71-70c641b9f62a,2019-06-09T07:57:13.1868500,Allan82
b0605a53-64e6-dd77-28a3-7168909a34eb,2010-12-03T09:07:19.0655880,Vernon
95838d71-971f-1757-5922-71d88f022a62,1998-03-17T20:02:39.7533546,Blake
ce9410d0-ba9e-c2a5-b6ee-71f9b6da8b42,1999-04-17T03:34:38.6487192,Tina38
d2817057-84e0-02e7-6f6a-72dbbe45f56d,2001-02-16T04:07:36.8137298,Cheri82
2992a7fe-1b87-1418-7451-72e42b1f9b88,1975-01-26T03:45:51.3884623,Jenny378
3fc19bac-94ad-9798-969f-72ef932fd285,1983-11-29T04:08:56.6447190,Tina944
525fe236-0f0c-a66f-ae78-73273e9507a9,1997-06-24T09:57:26.8424354,Dwight
42d3dbf0-e732-0c78-283f-732dbbb954bc,1961-03-19T06:02:03.7980511,Marcella9
695da835-3388-74fe-c658-739dcb9aaca3,2004-07-03T13:45:33.1167884,Terrance8
5969c55e-b45d-3b94-28c8-73cf8336e6e6,2002-03-21T12:26:59.0614460,Johnathan0
a4632463-35b7-a958-a3f4-73d77e734061,1983-08-13T08:01:29.2747790,Floyd18
d2494051-4184-6473-88eb-74ce81d72c5a,2014-11-10T04:13:14.4807376,Javier61
68318049-cf9a-a64f-f47f-74e70aac3177,2005-12-30T23:13:29.9766688,Raquel86
022e7dee-04dc-b647-2c95-751375d2bb40,2016-12-09T22:25:34.0862516,Jackie809
4ab2786f-dba0-8f41-7ca2-75578245d4bf,2001-11-09T01:01:54.4356984,Marlene
937f2b27-185e-9975-3858-755bdccd01f3,1986-08-01T06:27:43.7700650,Guadalupe
e05b8a5e-f2b3-1d47-2221-75f46df20c07,1999-11-26T05:24:48.5187238,Dina21
7692ddb4-8a9d-781e-d478-76271c33cf29,1971-01-15T03:02:03.3461878,Iris853
f8650803-f802-8ace-3118-76663448bc4a,1992-12-05T19:55:12.5681720,Shelley5
b682c776-c608-82ca-5b36-767a8c615e29,2019-05-12T04:50:59.0892156,Victor4
1ed2601a-8c4c-37af-0354-7685c8280fed,1980-06-11T23:20:56.2403116,Michelle38
f30d46f9-e55c-709a-b28a-76cce2b65aab,2017-12-30T23:19:06.8999268,Latisha7
e05bca79-6f7b-23fd-50d6-76d7fa73c752,1963-04-03T11:32:57.7544632,Vincent354
cadce55a-31da-2d8d-8b12-76f0b306d529,2019-10-14T09:15:04.9154852,Leslie
b12e65db-795b-2606-ae15-76f124709dcf,1972-09-13T12:47:46.9884538,Mark
a19bffb0-b6f1-bfce-9d3d-77ae0525c91a,1983-01-14T18:00:05.3599688,Aisha1
f5876867-c32b-30b0-0d3b-7823d63d31ac,2015-05-13T18:51:29.5536620,Megan310
6c54c99e-433e-d738-4cc4-7846ffaf0038,2003-07-30T11:21:24.1908942,Latisha7
c5321ef4-b3b1-ca01-ef83-786fb94d098b,1980-12-13T06:50:04.9635152,Rose2
d0e862c4-b8c9-8381-5044-78a5c35337c5,1978-03-27T11:22:07.7159852,Louis43
b2953509-298c-e6d9-31f3-78f1e783fc48,1966-04-11T00:20:00.8417671,Timmy5
c47a2799-cfe4-3ca2-ba05-794b68e82d10,1984-01-23T16:10:22.4163520,Tisha71
db2d4c61-ad73-be89-ab8e-79ff3c9dfa84,1987-10-12T02:09:52.7623620,Willie59
56d3b3cb-252e-07bf-79ce-7ac85ce32704,1981-08-20T08:45:31.1394690,Billie26
9919ac3e-c11e-8b92-a378-7af00e6aab70,1996-10-03T16:53:18.2927858,Gretchen832
162fe4e2-0fc8-0e2e-8773-7b0365b93cd7,2005-06-29T15:54:13.3799662,Jeremiah
aaddfb45-eeb1-0f92-c95d-7b25ec07b5e6,1970-03-11T16:11:53.0268041,Cameron1
9f2e3c65-731a-161d-d07e-7b5d69fbb668,1981-10-06T22:58:48.2769648,Ted4
529cd836-11aa-3611-4d5f-7c05bc0baebf,2003-06-11T12:10:57.9562586,Wade88
99f9926c-be96-a8c8-2a91-7c199bd0f759,1954-02-26T01:10:14.7410919,Cassie41
36c132a0-74b5-9b2a-70ff-7c2086160d7e,1994-04-21T09:43:12.4024104,Christa54
e22910d8-2372-0e2c-2b02-7d78e2272e2d,2000-06-22T19:45:57.9270844,Ebony058
b825e7de-66b4-26cd-a3b5-7db27efc924a,1965-08-02T07:12:10.5668266,Bonnie2
d732d1d1-f215-b911-a6ec-7e0fde12c581,1990-11-06T23:13:41.8922752,Willie65
b3e17372-7db6-0f74-1520-7e1b981cc094,2016-09-15T08:22:52.1604384,Ronda
c8d49b7e-fc3d-e850-1eb9-7e21f4c07cd8,2020-10-14T03:07:30.4244380,Darcy97
76e2dcec-5821-cfac-10e0-7e663817ce52,2011-11-15T22:31:25.6520776,Roy3
c7bac7c2-8eb1-bb77-bbed-7e90ee2ba069,1970-10-28T12:09:25.7422344,Cheri9
c7abfd0c-ce91-8b65-e04c-7fe1ec2311e1,2014-06-11T00:06:44.4742496,Jake253
9ada48b4-8c27-2a3d-8d4f-801af02c0427,2020-01-30T22:18:59.2871860,Wayne
44ed2dd1-d6f8-9639-7cc3-802c4bc8a83d,1986-03-24T03:37:02.2709940,Amie73
10a5786a-f5cf-eda2-be96-80678cff49ef,1997-12-25T08:11:10.1994898,Jill
8cfed6d9-5d03-43da-e3ab-8091c7224737,1955-03-19T13:27:34.6210887,Gabrielle
483d0b36-b2db-73ee-19d0-8127974fa864,1955-01-23T12:39:07.0100227,Kim823
965187a5-e8bc-1ae4-c0b4-81be34b92053,2005-04-25T21:07:53.1971068,Janelle541
1bb9508d-038e-c96f-46c9-829dda229b86,2009-06-06T12:40:24.3542422,Carlton979
bf40b7f3-5bed-4bdf-2d25-830eeb2a3513,1962-10-21T12:35:07.6016249,Cheri14
d991ebef-a804-0936-d2bb-8330a76b4791,1965-12-22T23:08:27.2797791,Maribel
e87052c8-94fe-9485-1521-837d35972d19,2010-08-29T04:11:46.1525908,Kurt62
ea99e7ce-8e3f-d971-bf2d-8390b3f7571a,2004-09-16T13:39:00.9706554,Curtis8
1ebd2927-8560-7b77-16bf-83c8802c3e5a,1977-12-23T16:50:45.3369870,Ian3
538b6af5-7d3d-30b8-3706-83e804e47fa5,2020-05-09T20:49:06.9287432,Micheal27
dbf205a4-08c3-bf1c-7639-83f64cc824ac,2009-02-11T04:08:08.2286468,Herman589
7abd1f6b-f4f0-e498-0562-8405f9ebee0b,1985-11-01T19:48:44.3884628,Lorenzo35
77cd09ec-b3e3-247a-1a9c-840f006d4e74,2011-06-24T14:45:10.9065572,Norma747
87e5e66d-4ed8-2025-040d-8445bd12b33e,2002-01-06T04:36:38.2928384,Gary9
1fbade5d-22c9-56d3-cfa3-847034ae12dd,1994-03-11T20:21:19.0225610,Brendan735
9432a0aa-bda2-ae7b-dfaf-84d281414d66,2021-12-07T03:24:16.5770580,Billie921
440119c1-1474-6bd8-46a6-85598749d02d,1953-11-15T14:43:37.5465726,Sherman9
b4ebea14-9bf6-d903-7f89-869cab64ec52,2021-09-20T13:11:57.9482368,Judy0
34237d6e-291b-da24-b5c5-86ba4e234663,1965-06-30T16:06:45.1430585,Joanne6
ed79c8bd-a599-d44b-f81b-86c9e37c6d99,1962-08-25T20:17:44.2824662,Stacie7
4fa6d0d9-d810-a468-5f77-86e56f070fe9,1964-10-16T14:59:51.5041951,Sherman
2c53028c-8ac0-b21a-b79f-86fdebeee6c0,1962-10-16T11:35:23.5304982,Russell
b6bedc09-ff38-d457-ce8c-86ff5cab3678,2015-03-17T16:54:37.0530508,Kristian613
e28be90e-138d-6b92-4e47-870cb0b3753e,2003-09-10T01:33:35.7697836,Mickey42
cfca1f41-9dcc-9c4b-cbbe-8737187f804d,2009-09-17T04:17:53.5335392,Abigail
46b720a8-fa0c-b6f8-a990-8744829f21ae,1990-12-25T11:20:03.2857606,Arturo06
b8909046-683b-fcd8-1578-87843ac0f18e,2002-03-28T20:49:29.2864574,Taryn59
06bde5ad-a117-689a-e373-87a4b022fa9d,2011-04-08T07:55:58.1492768,Chanda709
f5486434-21f5-1876-a65b-87b85d083930,1990-09-05T19:58:51.3059918,Lori
8a394536-44c8-2215-ddc0-87c46304bf55,2020-10-17T14:35:25.2200936,Stanley9
ceca25c0-1c15-e05b-7044-87ff01ec81c0,2005-02-08T05:36:33.2739844,Yvonne84
096dc940-d466-ef98-cebe-886dd885a37a,1991-07-05T11:42:08.5577522,Patrice78
fd0ff782-92f7-6812-7185-88759441b12f,2008-10-22T13:56:44.9593728,Angelina0
cb942c49-3a3d-3658-1cd0-88784390f538,2008-11-16T12:31:26.1189800,Terrance93
0fd6276e-400a-eb68-6c5f-88802bbac244,1995-03-04T23:58:31.8675872,Theresa44
7854fcf3-a11a-eaba-5d0f-89139fa7b792,2015-05-17T03:56:56.0299188,Maggie164
194cf669-acc5-9aca-9209-895c6496bcf1,2008-05-22T21:04:07.0775928,Maggie3
0f35e8be-e787-87ea-d116-89c6444b4846,2004-11-17T17:08:59.0110796,Molly0
68febdbb-d3e8-a607-da68-89cc3fbbec31,2015-01-27T18:44:16.3010128,Scotty4
58258301-aa3a-2e9d-ba01-89e890995aa2,1954-01-30T21:55:23.0934182,Shana0
fe026231-a642-36d6-da19-8a7c57243bbc,1971-11-18T12:38:13.1700815,Patrice23
f6eff733-6e49-51a7-db15-8a966c0b711d,1988-08-26T22:26:35.3656214,Mandy866
25d2f159-5bd2-0861-95a7-8ab8e39b8323,2002-05-07T12:06:55.0314446,Randi648
4fadd6c3-bbbb-0b7c-4219-8abec1eed05a,1957-07-03T00:54:38.5237193,Kelvin63
77e97a57-d422-b89b-f417-8abfcf81bf79,2009-09-03T14:23:17.1781764,Allison
b90357bd-c13e-052f-ed86-8ad28325a9b7,1977-10-15T01:19:13.6882795,Kathleen08
ed5a933a-7675-0ebc-a1f4-8b1089c1727f,1973-05-30T23:41:49.6730227,Rhonda08
5b41de68-1766-a988-b3a2-8b123a1095ce,1968-02-28T06:37:48.1501708,Alexandra355
9731446a-95a2-0958-57e7-8b16bb68bd71,1997-11-28T03:15:12.5235614,Laurie10
2e1f1974-c2a4-d3d9-c7db-8b3d6ac70f6e,1953-03-30T20:23:35.9093662,Brian29
1cab157a-bbc1-923c-c52b-8c79df28b61a,2007-06-14T09:21:06.8533734,Alvin586
cc5397fd-e45c-a046-c9a7-8cd4a0129d19,1971-07-09T09:49:23.6549533,Ricky95
08515b8f-6819-477d-1c0d-8d32a1dc3529,1994-02-05T16:01:25.6142746,Frederick7
e1f16551-52e9-d61c-a14f-8d9cd149966d,2020-08-07T01:27:21.1511356,Mandi806
2ea0a899-c9ab-79b7-7bb5-8df84471aa19,1992-02-20T06:42:15.2019110,Mario33
6c7821cf-f4c2-238b-9f38-8dfd2afff8a0,2021-02-16T02:38:46.8289984,Donovan8
53ee24a7-ac62-d30b-ebef-8e2c87eb8152,1971-09-16T03:49:01.4834683,Ruth
494d1f98-58a3-0ed7-b594-8e3f9ea19549,1995-11-14T03:30:28.6208658,Adam715
c99734e5-d829-3bec-c765-8ebe0f8a5ef2,2017-03-28T17:40:47.2175476,Jane27
7647e8bd-3123-ace6-52bf-8eccbb894e95,1989-02-27T04:12:51.3728364,Miranda
ba9acf3a-4c5e-6a02-b18d-8ef4d0d2438b,1972-07-29T07:38:51.8899060,Lakisha05
a9d10153-ee88-2757-f19a-8efbe36fd9e8,2020-02-12T18:01:34.4118296,Ruby30
12e18f82-3db4-6ccd-e0a2-8f36837084fd,1968-01-25T15:50:02.4944630,Diana11
8db4718a-e792-dcc2-ca65-8f5b98c4c33c,1964-06-14T11:53:18.6067434,Glen9
89e736d3-cb2f-5142-6252-8f8fc0cb9d00,1973-01-31T01:55:45.7855033,Warren4
1721a537-7fde-1427-5497-8fa7524deda4,1977-08-29T02:07:46.1654627,Carolyn
b086d474-3454-21dc-bef0-8fdf1bd9b0bd,1975-03-08T02:04:06.4380687,Carla9
5af6c1df-11ef-394b-7f2f-90603cd11a3a,2013-11-06T10:57:47.0843176,Hector
cc3f4bb1-31e0-4eda-ffed-9068f2a251e4,1965-05-16T03:45:55.1582265,Chris326
0e552ee5-e0a4-d55e-e755-91362a8c0c44,1974-04-13T09:35:23.5911128,Karl
09f564a6-5962-df96-7abc-9159f07529cd,1986-11-01T22:39:12.1714144,Alicia
5716d40d-214c-13f1-c30a-9178dffde1a6,2004-06-18T09:51:28.7206198,Janette164
74452f6f-a060-24d4-21ca-91904e58fdcf,1999-09-19T06:07:40.0101082,Jonathan1
74bd869b-b69b-da30-5a45-9198c486118d,1960-01-04T19:39:52.5810875,Vicki97
956ed5e3-997c-b43b-9c15-91a4085fa8fb,1992-08-08T20:31:32.0795858,Sheryl
68931be2-7ad7-c7fa-79a8-91cd7f21239a,1997-09-24T04:27:12.3388368,Austin402
cfb78d13-2540-404a-e385-91d3c84abab9,2006-01-11T04:32:54.5374234,Misti474
c1c93fdf-dde6-e584-6f9f-92426aaed338,2011-11-03T10:46:11.6051684,Candice472
d5a3056e-c748-9388-bb3e-92a6e5cae697,1990-02-15T20:57:56.1074060,Roland
fcf2ff05-2d96-b199-c449-9326d55484ca,1975-06-25T02:21:49.6660982,Virgil
062191bc-b43a-9c20-920c-938ad9dc32b3,1983-08-03T15:39:21.5467424,Karen181
36efd666-6de9-7741-c02c-93a7e6586014,1987-12-05T00:30:15.6608024,Suzanne16
5c7c65f1-9a20-120e-05f0-941bc75145ca,2007-08-22T04:48:45.1524648,Lora87
9d57fc38-c478-db1c-93e5-946dd80056ff,1968-01-05T18:55:00.2737824,Rogelio03
213bdc8d-457d-733c-03ed-94b37b9eb319,2017-06-06T23:18:28.6441296,Lea
fadadddc-3e48-0f39-04a9-94e9c4c1403d,1957-07-22T10:20:39.3643537,Marcos816
e72587a4-5a00-ad37-7b2b-9509c143ff98,1986-10-17T23:08:56.0060768,Derek56
3c924e52-5828-84a9-1b10-95225c2cb0f9,1963-07-07T16:04:47.3570950,Luz3
4fc90694-64fe-c70d-e0f9-9555ffcbb19e,1975-02-16T04:11:28.7942459,Edith821
28bcea27-8e92-6c14-56f6-95dc4cfbe28e,1991-08-17T14:36:30.5291340,Joni57
316d4dd1-bd71-0c66-0777-9618793742ae,2018-09-04T18:45:14.9498196,Carol0
02ecd174-7494-2af4-77f9-964795c6bf3f,1987-07-25T15:50:03.8060634,Clay3
aa34d49b-9221-dcd7-42f1-964b2b0335ad,1972-07-08T06:34:01.1868474,Scottie
894ef1e5-d5cb-c582-cad4-966e82a6b7a0,1995-08-07T05:33:57.4300900,Miguel693
6a29d068-62f1-8081-ea4b-96f8a8f97aea,2004-10-24T09:18:05.6185890,Jacquelyn917
19a1ca92-63ae-1c8c-95c2-970286968288,1980-12-05T05:52:47.5760830,Tera73
df2aed94-af2c-c1b3-a4a1-970fd17ddfbe,1971-01-14T21:09:06.7124593,Tony387
96dc2cf1-bed8-db15-d40e-976705d74d12,1985-02-26T14:59:59.0445284,Marie095
e25ff3e2-a879-6149-1a2a-97c8624262db,1975-09-26T19:36:37.9951382,Myron700
7a1b45bd-e803-cfca-ef7f-97e4255d6420,1964-07-08T11:00:41.9189757,Kris
309d7efb-cbd6-6077-8f4a-981499dd3127,2012-08-23T09:26:32.2969512,Damion534
2a2c0409-067e-1f5d-a9fc-984a8b5dc0e1,1998-09-30T02:40:48.8025068,Colby93
c98ed68b-ed71-dc55-f45c-9853f34dee7e,1992-10-02T20:55:54.8614332,Peter820
659efb2d-a997-f9c2-dc68-985de074747b,2018-11-21T14:19:34.7474776,Felipe260
5412fcbf-8462-5865-c559-9877572597fe,2018-03-03T15:33:34.4658648,Kareem99
7dc1cbee-9f9b-80cb-97fc-98a513e67f98,2014-07-08T03:40:32.4942756,Mia
db515d65-b56f-7b7c-82b3-9964472dc65b,1994-03-08T23:36:46.6461408,Brad
e88212ed-0252-b366-35f7-9997b26f805b,2000-02-01T07:40:54.6163776,Mario273
040ea6c4-b7a9-490d-d469-999a296c8e13,2019-01-28T08:42:18.8247608,Isaac858
aad3c8b8-3d8e-0c75-826b-99a8e4f41952,1955-11-01T02:04:54.7371026,Marla
49359536-d259-b6c8-885a-99bb702e186c,1977-08-24T07:13:05.7052925,Christina7
87fbefeb-a10d-c543-e76f-99fb39cf68cc,1981-06-10T20:39:26.8988976,Natalie535
7c64b3d0-7bb8-db5f-34be-9aab3f92cf28,1992-06-21T07:09:38.4849720,Lindsay429
30728565-2b19-7e0e-5d28-9aed11a4c11d,1978-12-12T02:05:36.3277843,Miriam297
01df5e7d-9939-e00d-12f5-9b3f7c400462,2006-04-17T11:05:12.1151768,Harold01
b5169c62-7929-ce20-c7ef-9b6f290997a7,1981-03-05T02:02:03.4586914,Pedro45
3ceb3cf0-a63b-7385-9773-9c26b7054724,1971-06-28T06:52:45.6640720,Mason9
00e7d929-e9a8-9ca2-ec1a-9c4064ee0719,1982-01-24T22:07:11.1841262,Wendell998
cb2ca5b9-8be0-8921-fe99-9cb36f9bb4ad,2003-10-18T16:38:16.2353972,Ebony4
e1793fba-58ca-562d-85f4-9ce828e15689,1961-07-03T23:00:55.0866170,Carla57
24dde078-8d29-dc8d-3bf4-9d0137369f8e,1993-12-14T05:32:02.1856940,Bill696
791be9c3-f274-f8b4-1871-9d26a20ad46a,2011-02-27T18:09:19.1569652,Sally300
94329747-d6ef-96e5-655a-9d3595ecf42c,1954-12-16T08:09:31.5070056,Samuel464
4ddec17c-d0ac-0852-c101-9d8a0a9b2e4b,1983-12-05T02:35:06.0275002,Daphne69
42539df6-a872-73d5-a7a6-9deec917ab74,2001-07-12T14:01:53.5417666,Garrett
eb8198dc-2b80-59be-e0d0-9e530b66cf1c,1978-10-16T16:45:03.2558812,Troy
20c49869-0c8d-de63-9104-9e7ed81cf6f0,1960-11-07T11:17:45.2607198,Mia
ef96ac80-54c5-dcae-b491-9eaf46a4405e,2021-02-03T03:48:44.3425836,Karla
a2e1328b-6d35-221a-3f9c-9ebe6ae4520e,1957-04-24T10:26:12.8345226,Marty04
1b3c53b4-e506-f5b5-e470-9ecd42fff324,1976-04-05T01:31:14.3039648,Joshua
1fcdcf4f-26ed-6612-a6b1-9f157a667d79,1965-05-16T13:03:48.5560007,Kristian9
e2f2146a-57cc-352a-5473-9f19c29fd176,1979-07-15T08:56:04.2707766,Jeannette024
bf4f42bc-b398-f910-9bbc-9f1b93fa95ac,2004-03-27T13:48:02.0662522,Mike0
df64565c-5835-4161-186e-9f44b839f4f4,2012-01-06T15:57:06.3219772,Kari570
5659d64f-be3f-1b7b-505e-9f4f2e582bb4,1958-03-09T05:46:45.4101534,Ernesto165
8fd84908-6205-6b36-4846-a07bb22f2b08,2017-06-04T09:07:48.6041524,Joseph0
0e266267-9ef7-288b-b3a9-a088bda96a24,1957-10-14T05:55:01.8578732,Cathy
2860fea6-ddf5-8519-f625-a0a178e6bc0d,1959-05-27T09:30:24.3308167,Tricia6
0aa33e47-07e0-d632-6b97-a130663c6a1b,1986-11-02T04:53:47.6305668,Brenda
9b56e805-f321-47f7-6bdf-a1311b7d884e,2006-10-11T01:24:18.2073684,Marisa9
6aee64d8-d932-5655-03a9-a170e0aefd9e,2008-04-06T13:36:46.9993040,Donovan79
e0b9cf45-a235-e0cc-d982-a174326977fe,1955-07-27T23:21:42.8082747,Darryl82
f95476d2-0396-f7ed-78e6-a176c1f330c6,1955-02-02T14:43:55.5494925,Molly42
ef2ccaa1-4ed3-925d-2556-a1888bccf824,1985-04-03T22:32:43.8141964,Chastity128
1c10004d-2250-bdd3-345e-a1abdb3f262c,1999-08-18T23:54:01.2584332,Shana997
0a640377-f8e0-1172-c280-a22d60fd583e,1968-10-18T20:27:07.9865101,Cheri3
d01ca622-16a8-e456-ddda-a24537e1eef2,2003-08-31T12:06:52.4819510,Jacquelyn
bfc1a3b1-d9ba-d044-e11e-a29cc137cdf9,1982-06-29T06:26:48.9610282,Kelly
decb3df4-8bf7-97e7-0d9a-a29ce3877533,1995-09-22T08:06:12.5204366,Bryan143
c908338c-909d-9e10-a388-a2c4b2dea74c,1997-11-10T18:13:22.1423706,Randolph
528b694d-e70e-970a-9383-a353f744b114,1971-10-25T10:34:13.4296630,Shanna
cbaed4d4-e065-08fb-e408-a3a15cb90925,1971-12-22T00:45:34.7423193,Latonya
93bf6764-9f84-471c-6edb-a3e2b7667396,1976-03-14T09:47:35.9527010,Valerie33
72ebddee-53b9-ed48-f1f8-a3eb6d60b16d,1997-01-08T05:08:54.5725802,Lakisha6
ad4a4892-5c41-b7ea-bdae-a41bf55c93d2,1981-12-13T23:33:13.4199788,Lorraine488
579daf8a-1cf0-d7f5-29cf-a449bf47791a,2015-06-19T09:12:10.2372536,Neal
28e2b62b-5f0d-51a8-b9dc-a47eae899aea,2015-09-28T04:43:46.6515692,Damien8
16f6283e-fe3c-6749-a0c6-a4b3f35d7094,2009-04-23T06:59:39.6000286,Monte56
546d67c7-59be-71c7-fac5-a4ee3a371834,2018-06-15T11:13:18.9074268,Julie37
0c88a242-da15-c446-e897-a538565202c2,2017-09-18T07:33:25.1844560,Claire
03da99dc-3d60-06ae-2852-a599f66125c6,2015-01-10T04:08:48.1912144,Grant02
1975beeb-cdf7-e94f-3c23-a5e21a928c0d,1978-04-13T01:03:24.4262382,Jack2
b580923a-0d2f-d2d3-ab56-a5ef86d25a34,1963-01-27T22:58:07.7109004,Myron3
6e821f86-5dec-ad98-2193-a63e532023e3,1983-01-21T00:41:46.7932840,Annette633
b17185da-964e-20e1-287b-a6771b8afbb9,2015-12-21T08:26:25.2120692,Susan30
07fe0330-c4e3-4fb1-0b66-a72c78722c0e,1953-08-21T06:14:34.5899156,Sherrie4
6da4b2ae-1350-9551-13ad-a7470b454969,1955-02-25T01:27:55.9429807,Allen906
6bdc847a-22e3-1def-0482-a7523caee964,1957-11-06T22:02:46.6129198,Robbie88
1f307413-d030-3e0b-cef9-a76b14ffbaa1,1991-11-05T15:02:11.8001150,Mary
050ede7c-e24e-9132-8e8b-a84bea66c7bf,1990-08-06T17:13:48.0974214,Melisa
438b344c-b826-4d4f-d004-a85d3e2d40c3,1978-02-18T23:14:22.4896811,Geoffrey92
0fb528b0-1538-d711-ed64-a86e32b553c8,2002-05-24T19:06:54.0698306,Stephanie94
ee4aa6cc-7c22-040c-42a3-a91e53754774,2004-06-22T13:50:44.8539028,Dante
d5cbfff3-68b7-2b85-f3f5-a936c6171350,2000-11-04T03:42:47.6220480,Tricia0
d260f7d7-984a-f89c-3ef3-a995ffbf8f3c,1986-08-10T17:15:51.4633588,Cari912
86fdcdf9-aca2-256b-7a76-a9e3b6d4f699,2010-02-13T21:17:25.7726372,Russell5
64876ff5-a5af-3120-087d-a9ebe53d0f07,1983-05-20T21:32:53.4284390,Ty57
50f9eac2-325e-6b16-f10e-aa1869aacccd,1989-08-03T03:21:38.1013532,Lamont1
d3a8aff5-a8ad-983b-6654-aa6558a6660a,1994-07-03T10:59:46.1307850,Crystal
7da206c5-d23c-95ef-9fb4-aa9d990ba89e,2009-11-02T22:32:47.8577874,Larry84
6b8a9034-0c3e-3406-48d9-aaa7c7e86916,2000-11-15T14:49:50.4471452,Shelby9
812ee444-1e27-345d-de6f-ab1e3102a3f7,1994-01-08T03:07:12.3358214,Noel7
464e81a6-3f38-d357-25d1-ab9f461c1ee5,1999-03-23T15:05:40.2670190,Joyce6
995fabc4-5df2-601b-618f-abab0469f03d,2003-01-21T14:41:01.0336014,Susan
a86fc65f-ad1a-f44e-1af7-abd0f8706bf9,1975-09-07T09:03:02.5074542,Donovan5
be24f2d1-2a1a-a46c-957c-abe9039939c8,1975-05-06T01:46:47.9983979,Damian35
cb847727-e94d-d0ac-c305-ac469eeb8dd3,2017-02-02T08:02:24.0117988,Tyson770
fd95c5e9-6fe4-2959-ded9-ac4991164a12,1965-12-24T11:03:38.9879007,Edwin
acfc9e70-54b9-f72c-e0df-ac4b7a3d8b2d,1964-02-17T07:25:42.6259106,Gretchen07
9df67522-2f15-edfa-c131-acb288ac5523,1956-07-12T15:12:34.5687349,Patrice
6a3a2325-9a90-6736-266d-ad33bcaeded5,1972-06-18T19:33:16.3373705,Alana052
44edefe5-be29-6cb1-473b-ad57b7965de9,2021-12-26T06:23:11.6612612,Leslie97
797b7e7c-7a2d-f8eb-08ed-ad5a061216b1,1958-11-28T04:36:34.6099775,Angelique5
a1452345-a8db-1ef9-5e4c-ad79b38b1daf,1971-02-16T23:25:45.8635247,Tim746
d4164574-a110-bf65-901e-aea8f3f5bff9,1962-10-28T03:35:36.7711157,Carlton8
38c2df31-8155-4188-53e6-af7cd4280f95,2000-03-10T09:23:36.6924724,Anna853
270c75bd-bda3-2ea0-b648-af91a3503290,1999-12-20T15:54:19.5335840,Veronica49
66deb530-be09-2b5e-66c6-afa01be46d51,1989-11-06T10:53:07.6508300,Betsy
26cd55a6-10ba-376b-bc61-b0096525456b,1994-04-20T22:54:15.0154012,Tyson3
10f2ce5f-8b5a-9d30-0d5d-b024e83c10d3,1970-07-16T03:52:32.8282887,Stephanie
38e783eb-f8ea-dc75-0fd6-b0944d2bed95,1986-06-11T16:39:54.2688224,Roderick
ca32420b-d3e2-6640-7668-b1123d00342e,1983-02-11T06:28:29.6025666,Louis56
d4a6ffe7-c6a1-1369-2eba-b16fb423a646,2018-03-06T07:09:37.8195560,Alexandra463
e728d735-ec17-7cdb-1919-b2c9d88dbed9,2021-12-14T09:37:49.6148632,Kimberley4
2e53596a-a642-17c5-cd7c-b31670cdf978,1966-11-02T16:35:38.4045894,Troy
b9b9005a-6bd3-e274-bbcf-b3993fa0c7e9,1958-03-24T00:01:42.9310048,Donovan
d3446b08-42ae-5dfc-2ef4-b3f1313bdabc,1960-05-23T04:24:22.4116956,Tabatha2
371f8606-b39c-a41e-423c-b463a035ff27,2005-09-19T20:19:23.4044794,Deanna1
6b7f83bb-8f75-b9cd-27e7-b465fdebc273,1953-11-16T17:55:23.2300969,Caleb
92b586b6-2953-3819-60eb-b4975da4be43,2013-01-18T01:59:45.3093704,Amie
461efccb-0ac9-1a7c-f1fb-b4a212264322,1962-08-29T05:48:53.9377203,Clifton6
766380f8-9bc9-23f9-ac0b-b4ce0470e669,1992-11-15T09:49:08.9750490,Erich
04d7be59-dd1d-8898-cc5e-b4ce527110ef,1993-01-08T18:18:14.1143938,Jeffrey4
c2395ad2-c06c-6e61-04e1-b4d2d3df8b01,1988-11-07T18:44:30.1699376,Kristina432
3fa4679a-d367-a2e6-80d2-b503a0195767,1989-01-20T06:23:56.8141044,Otis4
641db9bb-0462-e890-ac66-b50942d97c7e,2018-09-06T08:43:28.9748124,Vincent223
c9138896-b778-ceae-ba3f-b50f6063a6fe,1973-01-25T13:49:23.7720251,Arthur02
6d351910-7a3e-ddfc-4905-b535a65e4985,1957-01-03T22:31:34.9546625,Martin69
7ac71793-2dcc-819e-7bd8-b54d03ebd5e2,1967-08-12T05:23:32.7070652,Darryl47
17ef843b-5b68-c146-859a-b5744de2508d,1979-06-08T10:41:04.0002787,Orlando
d8207dfc-e728-14a5-f74c-b5b6ca234fd5,1971-02-21T17:14:03.6646274,Allen
76c78d87-8176-b8b2-910a-b5e1cb428531,1997-05-16T19:43:46.3730202,Emma7
fddbb3d3-12bf-b131-a11c-b61d49dc6040,2012-05-09T09:02:25.1290612,Gilbert780
b539b0a5-9920-98a6-35ab-b69b8cd53db1,1966-06-13T13:51:53.3025357,Suzanne45
41bc3b37-4f9c-4d9e-f644-b6a622cd3d05,1984-09-05T10:53:39.0935482,Cecil2
c4834aa5-017a-f680-9f4e-b83695e8ceb9,1963-11-17T11:06:48.2509659,Lucas999
75f8987d-077a-95a0-ab37-b84d8e548d5e,1965-01-07T05:20:27.8461486,Teresa95
8c81440f-e97c-c3f1-0745-ba0b4f956271,1953-10-06T08:42:15.9231468,Alexander
9a8eaf27-2e1f-1336-e307-ba0f621bd473,1969-07-07T10:35:06.9230361,Megan1
059cd7b2-50f0-13c6-16d9-ba515a778bcd,1959-05-08T22:19:29.8916466,Justin
3e3452e3-7d20-098c-ecd8-ba76ef478219,1985-03-15T18:26:24.2220958,Lawanda66
3c259a7a-2342-804b-712a-badc73c263a3,2010-04-28T10:05:26.8848528,Autumn8
38f9eea9-96d0-b27d-9ff7-bb544abe7ce9,1969-02-12T18:12:27.9416586,Alma81
a0049ba9-0af0-cee5-16c1-bb95d5417d2b,1986-12-15T20:34:08.3520032,Salvatore460
0ecc40e8-c6df-406e-be9e-bc3fe48e0a43,1989-04-17T05:40:50.8775358,Brian336
046c8f17-e9db-44f1-a7c5-bc549c1419c9,1979-02-16T05:24:18.1941248,Julie
fc99563e-2f8b-98da-2f5a-bcb47738c517,1959-07-28T17:07:15.6729153,Chasity830
fcf53ae9-7460-e9d5-1d96-bce3c8e3147f,1965-05-13T11:44:55.2656391,Ralph8
c81cce60-f1ab-b194-3ce0-bd7fce7c2197,2010-05-11T05:44:00.6976692,Oscar647
1ce872ce-1101-d23a-1d69-bea49e9aa9c8,1966-11-17T21:02:50.0746307,Angelique068
c712e5d1-43d9-1d89-763f-beaff87da71d,2005-01-23T20:57:09.9328826,Ted7
0b44e867-6fcc-aa9a-425f-bed5dafddf04,1972-01-04T14:26:40.9794045,Angel94
4a5dc40c-1a1c-9767-fe9b-bf640e17cd3f,2010-05-10T06:46:07.0628140,Aimee503
a257ff40-d56b-9b2f-17fd-bf69a60b46d1,2003-02-27T15:12:59.0871296,Roderick726
5311bef3-11e8-8c8a-a796-bf6a64d37d05,2010-06-01T07:48:10.2432244,Mason1
c52fe983-0f51-66f1-b77a-bf7cc7c2ea5e,1993-05-13T21:12:11.4183576,Kenny2
0f8371db-7fe0-6506-85e8-bfa52201e99d,1985-11-29T14:42:45.1629500,Catherine02
a4e7aa72-2a59-09de-3389-bfb096e35d30,1960-09-06T17:26:59.1651890,Marcella7
80d22556-af32-618e-2ebb-bfbcccae267f,2000-02-29T05:17:56.6311972,Marcia043
174ef316-77ad-9322-fd4f-c05ce138144c,1962-04-22T21:33:07.2978869,Isabel816
6f2fc72c-2645-ad1e-65d7-c0667d460a7c,2001-07-19T07:45:06.7150306,Darnell95
79fb4f79-5e2c-22c7-315c-c092a97a6d07,1963-01-28T21:32:09.6974349,Cari
62225770-e8c4-7297-f1b6-c0f2141d65a2,2003-01-14T18:28:28.9052658,Cari8
375d005e-dca1-b060-7e44-c0f52d6c7e81,1999-06-07T01:24:03.7204220,Jill551
08ebd274-7f86-c309-0778-c15441533202,1972-11-06T09:17:45.9786232,Rita371
005ac36b-a787-4bd1-17ec-c1796013ca28,2007-07-12T20:59:01.2905970,Susan682
429ec11d-77ba-dc69-cde7-c1e3aeb1fb63,2020-01-28T17:40:13.1807176,Dianna90
f6608109-b64d-3aba-0257-c1f42bca49aa,2008-08-31T04:18:51.7178142,Melissa104
710d6f13-e5d2-6c5e-fd6e-c284df44a04b,2013-03-27T22:54:28.3136996,Lorraine
165d00b4-0d3c-b422-8aea-c288c9593c45,2006-04-18T08:38:42.2573172,Darnell
6b394d29-919a-67a5-9e98-c2a79af70f0a,1991-08-23T18:21:25.3951106,Jerry34
901d6bda-20d8-1cf4-9834-c2d56a4e2dd1,1965-12-15T04:18:34.4375217,Marvin6
74495174-3afa-e735-dac9-c2e59c7f2123,1980-10-01T11:46:33.4140909,Marcia4
e9a111cc-b894-f311-3aa9-c30eac76359d,2003-05-18T14:30:49.4884168,Evelyn232
dcd74b83-778e-e53a-c9c6-c32c98130177,1959-06-19T18:17:04.8841517,Dominick4
db3e7b01-3dd3-88f7-4344-c3712611f223,1967-06-05T14:51:18.4336727,Leon3
5837cdba-1219-dd2d-7b50-c3adaf14e532,1994-07-01T05:39:51.1407044,Tameka12
a42d132a-280d-6959-95e9-c427579acb82,1979-09-09T13:35:39.9878790,Sherri17
f69502b6-842d-cf78-cea1-c427869e8d48,1963-11-21T10:57:13.4684064,Francisco242
cb39c011-85ff-039f-c2d7-c49ab197fbc8,2015-10-26T08:13:04.7435076,Marcia507
01485480-eafb-5413-24ed-c50539a74dd0,1977-02-12T20:06:36.8034068,Quincy703
7d279aaf-a4f1-5f37-dd2c-c507dd6678dc,2000-12-17T10:48:12.3182534,Leticia826
f57b8995-ae09-7926-af56-c540b301de58,2009-11-06T13:43:22.0006618,Jackie
8024fcde-a1de-f12f-1d22-c5a98f0a8e1e,1960-04-10T10:57:19.6027927,Lakeisha066
54a6c0e0-f4b6-bf93-2662-c5d9d83bf0fa,2010-03-30T13:03:59.3882492,Bryce
1a53f903-c25a-4b49-06d8-c61264366838,1992-11-19T07:00:09.9300188,Melvin3
1e756342-b918-5b20-2ad2-c64b52439538,1968-04-01T21:59:24.6781068,Erich35
4134b57d-1475-a144-c7e7-c64d7ddaae04,1984-12-24T18:08:07.2726238,Brock208
9427e4c4-45de-3a54-953f-c657fe3a071b,1957-12-14T20:35:44.4486858,Lori
086c8bc6-ac4c-1705-78e8-c6b68e9e4ca0,1966-07-16T06:40:47.9432412,Mandy59
8b94091f-cc83-b0bf-1aaf-c6f9de806686,1956-03-23T03:59:32.1609167,Angel568
d5179381-81ec-2883-833a-c70555f4127b,1985-08-02T08:07:49.5574078,Roy531
34681689-5098-25a9-7122-c72b7cea65b3,2008-09-14T00:44:14.8631306,Duane9
0429df91-782b-3b3c-972f-c7348f8b6414,1997-12-31T07:42:30.2533566,Ben
1f97dcad-cdde-d920-8558-c7881cf4f54b,1963-03-16T00:15:23.8326881,Kathleen
4119da81-5472-52c5-56d5-c85168d39b41,1954-03-23T13:42:55.9575120,Edith
ff99b7a2-cf0e-09dd-5a30-c89b15c9d473,2011-05-16T07:53:54.9647908,Staci28
01d4f54b-6fcd-b941-3a2b-c8bd8d85a6e2,1965-06-24T23:16:30.3674426,Iris464
fcc0f530-88de-a6b0-23e1-c96224754db4,1963-01-18T02:36:17.5951667,Miriam
692282b5-0884-f735-4eef-c9a98d499acf,2014-10-06T11:54:12.8954452,Lakisha913
061f957f-a607-56da-4c00-c9e46154d24c,1977-05-10T09:27:50.3545849,Karen3
ac8d7dc8-df21-2e6e-afa6-c9fe18e3969c,1993-07-30T12:54:49.4241430,Darnell8
286dcab9-e693-98dd-372c-ca1af0e210c5,1992-01-23T00:20:42.2719186,Joseph022
cd78264d-f779-e55d-a120-ca5613d8d11f,1971-01-31T09:29:32.8521983,Carmen
2c8f7ca1-3f7b-1ac9-1fa5-ca63bcc491de,1953-04-21T15:18:56.1151266,Dewayne
76e66aee-95b0-d002-581c-ca7926153f0a,1971-03-09T15:33:49.5489453,Olivia4
450a5138-31ad-546e-d57d-ca7fbb47d518,2015-09-26T19:17:03.2027572,Alison
272aa639-1391-af11-9bfa-ca88fdfd48cc,2013-08-05T08:59:25.4066400,Meredith169
fb9b0643-9871-0e47-3ed3-caa906ab4daa,1976-05-23T22:04:27.0711962,Clayton97
11383c85-e743-b85f-e1f7-cad3f1cf13bf,1988-06-25T19:53:12.9273404,Philip27
4a452dba-8e15-639a-078c-cadd829fea8a,2019-12-23T00:58:24.2770312,Lillian
430487cc-8419-05d7-88c2-cbb4023bf1b5,1989-01-29T02:46:06.4208606,Aisha
0bc76332-fa99-d2ce-feb1-cc21f9d7e24a,1988-09-14T00:31:18.0363642,Jarrod461
64ff77c7-850b-90cf-15f1-cc3cf812c8c7,1965-03-08T18:21:37.6889083,Ron
7a05721d-4cbf-003d-cbe0-cc7447d1154b,1986-07-13T06:09:28.9919754,Alfred
69ed91ef-8d1e-b820-54ac-cc80c71a900c,1981-04-09T06:12:18.7086570,Jimmy
9bced361-6462-eede-1dff-ccdcb7b85ea5,1979-02-11T05:47:36.5024935,Bryce89
63005554-4333-cdbe-d8cf-cd6f14d890ec,1993-04-12T11:34:12.4035856,Carmen4
9c3d9186-c648-3cbf-0416-cd9d805d2752,1993-02-09T06:17:01.0709558,Sonya61
d1c9e07b-c8d8-29ac-f696-cdea912ed17e,2001-03-17T13:50:13.0806290,Janine497
2fea752f-5f78-d9f6-a40a-ce29168c3cd8,1988-05-24T14:05:18.5952108,Esther5
cf8f2cf7-5f23-e05d-0cd4-ce34b3f417dc,1970-06-17T08:16:06.3392637,Kenny94
19c61d0e-3af3-41be-f1b4-ce75cbd60b34,2012-05-08T09:01:20.4651188,Angel
6bbcd98d-cfa4-1ee6-fac1-ceafe60e0f4b,2002-06-29T12:13:59.0034358,Angelique
17e1d836-77bb-a924-d335-ceddf6bb7c59,1974-12-26T12:08:24.1420455,Esteban
36f274ee-b8c3-ec3a-8d09-cee1542f9724,2010-05-22T04:23:52.2464600,Shad
37375c20-bd6a-9bf4-56f9-cf0935743ddc,1955-03-07T21:06:46.4317073,Janelle
e12b7b22-bc43-2d73-9685-cf1c7b194f7f,1959-04-30T01:54:08.6549096,Erick
a9b38ebf-6ee3-62f8-1d91-cf5700a57957,2012-03-14T21:50:10.8646952,Kathy14
942b39ef-b403-4c34-d578-cf84746a33b7,2020-01-31T02:01:33.5648280,Allison956
3d27770c-15d6-a55e-11ca-cfe90b21cf10,2009-09-06T12:57:01.4748852,Christie
33d7f1ed-9fc2-0a7f-45ed-d00a02e2a99f,1995-08-30T14:56:17.3445842,Joyce67
4f7ec849-dcaf-e386-6e44-d0a4d83e3911,1965-10-08T23:37:06.6409629,Elena7
077788a2-e4be-0a8b-3a31-d11540ea9127,1993-11-05T04:28:52.8978972,Clarence6
3baf271b-7e16-4876-6143-d2512bf0ac96,1990-05-19T05:09:23.2324126,Aimee05
96e59695-ea01-b367-177d-d27038bf1fbf,1958-06-13T21:59:28.9486127,Sheldon641
6ef27088-e8dc-4d4b-a47a-d2c26843e42b,1964-02-20T16:18:44.8883804,Orlando08
983b6042-1f64-ee3c-3234-d34880ea1577,1968-12-04T07:40:43.3759639,Gabriela62
dd4581a3-745b-84c3-77ba-d4076dc00bb0,1962-08-12T09:26:07.6152507,Richard64
32e8a91a-169d-d199-276a-d409aa1bbc5e,1997-01-02T08:52:00.6274792,Kenya5
97fbb45d-6104-cd19-4438-d4d7fdc54cc6,1964-01-10T19:34:09.9709561,Dustin
61b68181-28ce-1edf-ec6a-d5180716904f,1993-09-07T18:26:55.1730042,Bill84
9af08e44-36d1-b843-b689-d52fe9eca3e0,2015-04-11T22:44:42.7527636,Andre5
44fcb7b4-4ff3-511b-741c-d5bb0a082948,2018-05-31T03:54:43.0950936,Daphne0
a340ce0f-ced7-960c-3f56-d6f9201dd0dd,1969-12-01T11:45:05.6901652,Kristy
04d0a8f3-a7f6-0cd6-3f9f-d74deab2c4b7,1999-03-30T08:10:07.5187194,Erich788
ecdef0ba-28f0-467b-ad49-d8376152c4a9,2003-02-11T01:17:09.3958536,Ramona099
46a3fff3-4937-992a-98a7-d89381eb1fac,1989-07-05T15:04:37.4642616,Felicia405
cc9a02af-c09a-1df4-39e6-d899e1c2c1e5,1996-03-05T22:41:39.5338016,Johnathan56
79a13ab7-07a2-1c4b-7005-d8e0444d5500,1995-10-27T23:31:58.0182554,Jess
44269a9a-f56b-1a09-6c10-d9eec7badd8a,1993-07-10T20:18:03.8840094,Roberto385
e2868916-7715-0828-7244-daa935548c0d,2021-01-21T01:42:00.8966760,Darla79
4d57270f-3f1e-2d23-4023-daba27c03a13,2006-04-26T20:58:33.7091734,Curtis
abf0ec9e-2d85-314a-b4fb-dadba780b72b,1997-11-25T08:05:26.1838140,Howard2
d0a53083-7a9a-179c-a0cf-db134e721e1f,1960-04-28T04:41:11.8536157,Gilbert5
49118872-97fe-4889-7cb4-dc6b97c2022f,1995-04-07T20:02:09.6269842,Alisa715
1f6f6047-38ff-0fd6-f351-dc6f6612a8bf,1988-10-21T13:07:57.8450128,Quincy64
fe4b1834-f326-c165-d871-dcd3f8df6555,1995-04-08T03:39:37.3264798,Meredith221
1d7e0863-82d3-7035-6b78-de27c24b60eb,2008-06-03T18:16:06.0404958,Mike
6d1241c9-edf4-1d9b-c753-de8d47d2f2de,1977-04-10T22:57:49.0415186,Thomas0
5311544e-db0a-c12e-4c3e-de9e6a3ac5b2,2017-08-25T06:40:51.2637624,Meredith7
bc29f972-05f8-2b14-3efe-deb6d4ec71ab,1969-06-10T07:05:43.5348883,Alan
42bf9965-e09e-43bc-9fe3-df66fbd70159,2001-09-08T12:47:17.1421464,Stephan466
24cd206f-13c3-9d8d-3602-dfa18f2e3d98,1957-01-17T19:17:52.3131324,Erica
df00a11f-7af6-50c7-968d-dfa2f819204c,1992-01-27T16:04:32.5872696,Pamela0
a60328f2-4839-83d6-114a-e08697f4a55f,1956-02-12T14:10:40.3457089,Matthew3
11ddc04a-6c88-8017-02e2-e0c36cb80dc4,1997-09-27T17:51:44.1635724,Tommy62
67d67fec-f33c-49e5-508a-e0f18f858768,1985-04-15T12:52:13.1060610,Mitchell31
e2fc2a5b-ea3f-fca6-1ec6-e1192c562dbc,2017-02-22T19:48:29.9831496,Frank
8bb8fa80-33e8-787d-270b-e122aebc5e95,1986-09-16T10:44:57.3018902,Patrice12
4f097534-f7dd-6d37-6839-e1852e72ecf1,2015-09-01T05:52:04.9325808,Heather
d0c67a7e-3cf6-f073-40f9-e214b086b606,1957-03-31T13:50:29.4115805,Tasha
00cf32f7-b036-0a35-f885-e2a889aac96b,1969-10-10T04:54:17.0285969,Frankie570
fb67b824-3244-faa1-bdb4-e2ba1312bfbd,1982-08-03T16:46:21.3007606,Maribel7
be3dbbc5-4525-2d1f-8219-e2d38ba0bbcd,1974-04-11T03:12:12.5023690,Nicolas365
b2bb5d95-931e-badf-6c1e-e32885d9a489,2012-08-08T13:56:01.5610564,Jayson204
7c4fcfe8-4324-a05c-5f47-e37269571331,1992-02-19T00:41:44.5607876,Tanisha48
6a183235-31db-2a74-356c-e37b32144327,1998-08-27T04:53:12.4226306,Dwight12
e2ca8c79-c4c6-b43d-f899-e389bf4a0b91,1988-03-03T12:55:05.0969208,Javier584
086346ff-f23e-c33b-24d8-e40e16b6657e,1998-10-19T00:47:52.5565790,Darryl088
956095ed-f9f7-ac30-d498-e43d547fe066,1957-09-14T13:03:22.2829989,Julia5
f2a0c72e-9258-c398-fc27-e47a40dda602,1965-08-05T21:57:52.2264658,Javier
992b326c-6374-4e65-2561-e4aac7d3e0e1,1988-01-29T06:40:08.9536720,Luis9
98a16061-d46c-a63b-963b-e4c0b9f298bb,1997-09-20T07:46:34.4034706,Robert4
28914378-4fef-4d9c-67a2-e4ed895f0672,1989-01-20T09:26:09.8621506,Marcia823
78e7c873-223d-e674-ad2b-e5974db4af0d,1977-06-07T13:55:31.5236817,Vivian
b6f80a88-6eb8-96ac-49cc-e5ad36cad8dc,2021-02-26T10:58:11.8415356,Paula123
ef9929a6-2685-d48c-dc79-e5b699cc4aa7,1991-12-23T23:48:01.0614328,Kristina
d69cd391-f170-c454-ff4b-e5d6a55f3631,1972-12-08T02:15:25.0401416,Judy
2c82fa87-825f-a8c7-e9e1-e5e900f47efb,1972-05-04T14:26:50.0577298,Timothy20
91eafe62-4ce8-82ca-004b-e5ebe3a121c0,2018-01-19T01:23:52.3857824,Ivan261
4089b8a2-4d46-b385-66eb-e62064afd7c7,2010-01-27T04:42:42.4629814,Jesus
60a1e7d9-0781-d7ae-48f1-e6429c0a41af,2014-01-23T07:59:11.5872136,Tiffany86
9b4929d2-1228-5ac2-9bdd-e6659ab14d0a,1982-08-26T22:05:54.2949838,Shannon
0e215b9d-7616-58c9-2e93-e670e132c70a,1964-02-15T07:40:35.3245893,Edward959
388f6dc3-1805-594b-7368-e6aba0c061f2,1974-08-12T09:13:55.8718446,Alfredo162
c77ba4a6-815d-25e5-7327-e6e361e73500,1984-04-09T10:48:43.3394492,Terrell027
82d4ccf3-0e8f-f447-f287-e6f55087d3b2,1978-08-06T03:14:01.2761101,Josh
eb4dc234-53d6-7888-d424-e700dd1520c5,1993-08-23T20:49:45.1423762,Taryn573
747195ec-d592-cc15-3483-e7559659fffa,1990-05-08T17:35:26.0276182,Valerie
639ee15c-1abb-4580-8243-e762c80e6129,1969-05-18T02:17:26.2838613,Samuel754
8b0ee737-fdac-ecb4-b2c9-e7d8b71c3df8,1971-01-05T17:14:40.6781864,Ericka
ab85edd0-a63d-1962-83e7-e83650a2a78b,1962-01-11T20:06:41.7052511,Rodolfo15
01f14323-382f-0f00-3dcd-e84f8f80f792,1975-06-27T12:09:46.3658200,Freddie974
e05bcf98-e121-99f3-0929-e8c3e95a44e1,2017-07-20T15:52:49.8386772,Ashley6
a1556818-a46b-3df4-c2cd-e919a668243b,1984-09-09T13:11:25.6518922,Levi
a69ec49f-eca9-c2f0-32e8-e93b8b1e4571,1991-10-23T07:08:19.4934066,Karl406
ba04de4e-3877-7212-8a6b-e945f4b4b3b8,1997-07-15T02:18:42.3956594,Jean600
4a9663d3-e577-cb75-5e98-e97cd50d5ac6,1955-11-01T14:16:54.5036072,Colin
9839a455-a469-bc73-c798-e9abf5bc8814,1995-08-26T23:06:31.9322654,Candice5
f413f4e7-e2c5-4420-8837-ea00f96a56b3,1973-07-06T21:46:06.1073424,Cathy
61768b68-b5c4-6669-89b4-ea16eb8ef831,1979-02-27T06:50:30.7245503,Lydia57
8d03860a-6dea-9c89-d057-eb29686abc9b,1981-07-09T06:22:56.1160227,Erik1
e6e8e1af-5eb3-d432-da22-eb30762dd031,1992-06-04T16:47:28.0998350,Robert02
acd5cca5-446b-1e90-83cf-eb7abbb27f42,2017-04-22T15:27:43.0526832,Rickey9
161595a8-f832-615d-0b04-ec0d2860ba61,1964-06-26T00:47:53.9884360,Kelli77
630386a8-bce2-0da8-9cf0-ec22ba2287df,1990-09-22T03:42:24.4445032,Sheila785
277c432a-695e-c10b-78bc-ec7f572305d4,2018-02-22T00:06:27.0319384,Helen48
7f982a01-d6e5-0cd9-aa80-ed0f8b1fec01,1977-11-04T17:13:22.9214567,Sheri
dd23382d-b824-c282-2426-ed67d1ed57af,1981-03-27T10:15:38.9926174,Angelique9
5c8eaee7-a488-0ca5-c66f-ed975e6f29da,1978-04-04T18:51:13.7422007,Chris368
d69b04f3-ba12-3b11-3123-ed97909e28e3,1965-03-25T09:39:31.9665108,Jackie
6378912d-ee73-52a8-5490-ed9b082771c6,1971-01-15T08:08:17.5181895,Michelle
c98734bd-e854-02f2-1934-ee43917c7bb1,1959-08-06T09:57:21.6573095,Margarita72
4a371615-a05c-ffa2-6e90-ee464cb5286d,1974-01-01T09:54:48.3762660,Krystal
85b3e977-7931-cb09-3502-ee58a9a8c39e,1995-10-22T21:56:38.6416306,Loren88
0b5b64c4-754e-be32-98e7-ee90142334c2,1976-08-02T20:34:27.0903044,Sheryl949
786ec288-ce8a-b802-ad98-eed415ba5c27,1986-02-28T04:59:08.2408578,Lindsay
e5aa585f-5eea-64fb-9dd4-eed4e35f6e02,1974-05-28T14:26:17.0687316,Cherie56
2816039f-2380-b711-cdc3-ef23f34ca8e9,1988-09-29T22:01:39.2325168,Serena2
d28756f4-e895-019e-8cf6-efc7293ba3ac,2010-07-07T08:23:11.0281292,Kisha937
c0c26d78-9d4f-338e-414a-f014ebae3fec,1991-04-25T13:07:22.6145460,Evan83
affade49-731d-e642-c27e-f07794ced182,2003-07-15T05:14:21.2956924,Hilary278
96b29fc4-405f-24ae-7fea-f081d0fbdfda,1959-05-26T10:54:56.1614866,Alan66
6da21e51-54a2-6396-8880-f13a16b53954,1971-03-05T19:41:35.4668300,Bryce2
b54c4668-2f5f-be73-7adf-f151e7544725,2011-06-13T02:52:05.1624276,Danny
2646d997-b781-702e-4a83-f16f8a69c2bf,2003-05-14T00:39:39.9598944,Latoya4
47266e57-e92c-9d90-9b94-f1709e2c0d59,2005-07-23T08:47:59.0262148,Norman8
576ce4f7-c893-ca9d-b49e-f1b02da01d5d,2017-08-09T00:50:42.5104348,Martin398
29c056f8-1c9b-b0cc-9715-f1ed255590f0,1997-11-25T21:18:41.3930680,Latasha
27cf10b8-9f0d-00d7-a9ab-f2f371329cc7,2019-11-28T12:02:05.3804708,Yvette2
471c15c9-304c-07ec-39fb-f32858995f40,1959-10-26T17:15:29.3309501,Roman07
b37ddc1a-edcc-b18a-e129-f36607b15acf,1956-04-07T21:17:00.1154842,Carlos
1815a079-3e3b-762a-c1fb-f3777e1b7a43,1971-07-09T11:50:05.0376063,Brendan163
d3c2f8ec-f6af-43f3-6771-f38fc579f9e4,1994-08-27T10:15:08.0827870,Andy072
a4ace6dd-ee91-71a1-13e4-f3e179c39120,2015-04-20T20:38:52.1140932,Helen
9302da5f-35ef-27a2-39b9-f3ed030c077a,1967-11-01T03:16:50.2637674,Mario349
cf79a112-e0bf-c2a4-9923-f3f1d65ca289,1971-01-13T06:04:42.1953815,Mia077
5142175c-eaa2-14a4-8db4-f3f9e0c38e11,2009-06-03T13:07:37.4376802,Wade
c8bb8b03-e338-59f8-7ccc-f435cba9ce3d,1995-09-29T00:49:30.3502548,Robert4
72ebdc78-4001-8be0-2fdf-f44b172fd48c,2020-03-01T14:21:23.0724988,Tracy9
3ee12631-cea9-0eb5-000e-f47854f4b315,1980-07-01T05:36:43.4370755,Angie083
a7558946-acce-ac1a-c0de-f481ac178822,1957-10-13T22:20:36.6631211,Israel2
0a944b78-968e-d8f8-8a99-f4c8093181da,1982-11-01T19:40:27.5508032,Tia4
d601584e-eb05-d6a7-fe67-f502a47bb63d,2010-11-02T13:48:15.3346976,Darryl16
1feceebd-33c3-4a32-e26c-f5c846804c3b,1986-12-07T22:06:22.0866254,Thomas953
f2ee28d7-a41e-a4e3-dd46-f62541bf27da,2005-02-19T12:15:31.3476948,Herbert
76e7ae84-ddd7-e01b-ef71-f64822ce910c,1958-07-22T21:53:08.0030224,Nicholas04
0118f293-90d4-a232-cddb-f6d1d597a6c3,1998-12-22T18:41:55.6856820,Suzanne
c952eb37-9bff-420a-9f39-f6ee3d5d5839,1953-04-02T07:26:51.6293182,Roy468
900ddec4-024f-b59c-fd04-f704d9475013,1993-06-21T19:26:40.8181316,Darrell46
a26a7cef-767a-165a-4525-f715fc28bdcb,1968-05-18T11:05:08.4091015,Edward2
7bc3be0a-0aa5-4839-c84a-f729ec1cf78d,1988-10-19T00:50:45.2319652,Juan
54e9f72d-65d4-2153-8596-f750e26d1c9e,1998-12-10T10:34:16.8114190,Cassandra07
4f418da5-13a8-531d-b2f0-f776bd145215,1985-09-24T08:57:14.4009936,Cara
14bc8aa7-a646-7dea-7b4e-f79c5bb7dbd6,2017-08-13T12:33:01.9491580,Damian30
321f1d90-737d-b1b5-8f4e-f7d321551900,2005-03-11T22:43:28.9749702,Lynn6
73690269-0efb-a304-300a-f86efa17e5de,1963-06-16T20:35:38.0803036,Demetrius96
5e970520-72ed-e71e-061f-f8afa63f69ee,1955-08-25T00:18:14.0925171,Felix4
8f7d6e63-27b2-5346-f54c-f91bb8e9975a,1987-03-18T01:02:09.4896904,Katrina586
156f2c99-87b0-69ff-e6e1-f9379483a019,1992-04-24T02:16:59.4646546,Bryon140
34950524-ad95-818e-cc5d-f9af883e4e80,2016-03-16T16:33:32.1067428,Renee
e8f8ecc2-9f1c-089e-bb1a-fb3ebc75e985,1961-09-23T22:34:13.7809988,Erich355
a5a76dff-1de4-fc9e-76fd-fb4e7368cecd,1981-06-11T21:21:34.3629608,Natasha488
12f73c6b-7750-fcdc-6cd5-fbd364fd5cf7,1999-05-16T13:45:13.9592580,Edwin42
8111ed1a-305b-a398-1bfd-fbd7e3beacc2,2001-03-02T05:18:53.3770974,Hollie848
754193bf-95f1-db53-5e76-fbfeae0cc3d7,2020-12-15T09:03:06.3864112,Mandi
56cdfae8-8dc0-f402-5249-fc01a438e651,1971-02-14T15:58:05.6742202,Cedric41
0923bbe3-bc34-e20f-c8c6-fc1e70fee9f5,1960-08-15T02:33:07.0209438,Owen
0f58eefe-20ef-ec3c-0a66-fc31dab0ed36,1965-06-24T13:12:49.2593647,Christine96
61663255-bc45-e845-00a8-fc5300d7ab96,1978-06-11T12:37:37.9017150,Rex7
b8d4c107-255d-f6d1-027d-fc696a9682d6,1957-05-22T09:40:18.7784878,Jeannie
9cd16148-c782-921b-c330-fc88cf16e5ae,1983-10-13T01:04:54.6064372,Bill108
a8ae7eab-b0e4-b774-eb1b-fc9359ddfde6,2013-08-17T16:13:06.8495380,Walter85
c87f04bc-a863-99f2-6060-fc9a8340a495,2006-03-14T14:48:28.5714678,Donovan
f0e97f70-bc2c-7b71-646a-fcfa61f309b9,1984-03-15T05:29:48.3133564,Dwight
528a69ed-15c2-1af5-68db-fd291fcd8d05,1953-06-29T11:27:00.7133902,Guadalupe309
a7eb27bb-a5b5-bee9-5321-fd2a8310e2e9,1961-04-18T15:58:58.6245265,Dustin09
19a82a33-c731-c8f0-0ae2-fd78b7b57511,2008-12-12T01:28:04.0532968,Linda9
fcb868b9-27c5-4d4a-febe-fdebfe726afb,2002-05-15T11:37:03.6579778,Lindsay93
8a859a19-b7f7-2cf6-7bbc-fe316572dc9b,2001-02-16T02:47:44.0363844,Saul60
d65403a3-eeb4-ce2f-bb47-fe3daef7f4d0,2017-07-25T14:38:47.7567540,Cody76
454fe117-36fd-19dc-b556-fe647800daf2,1976-08-16T09:12:57.7853360,Colin03
2dcecc48-ab37-1576-da30-fe794dbaa023,1955-10-11T03:02:38.9752039,Noel136
8f21091e-48ff-5d1b-29ba-fe9f850ba5c8,2011-05-17T15:59:25.5369532,Marie
f858dfce-bdfa-e4d9-f8f6-fecaa31f0ba4,2012-11-22T17:05:15.6947692,Caroline1
df612632-58dc-6ce6-0bbe-fedaad57781d,1962-05-30T22:03:59.2202911,Rusty
fa0c6789-a29f-d9c7-1dc6-ffaae006fc03,1989-05-12T05:57:24.9321324,Jeffery14